Month,Day,Year,Max_Air_Temperature,Min_Air_Temperature,Precip,Dew_Point,Sky_Cover,Wind_Speed,Wind_Direction,Solar_Radiation,Storm_Type_ID,Potential_ET,Actual_ET,Actual_EI,Input_Units_Code
1,1,2024,2.942,-6.069,6.123,-1.564,,5.937,331.621,36.544,,,,,1
1,2,2024,12.303,1.202,25.607,3.303,,2.039,279.567,47.769,,,,,1
1,3,2024,12.158,3.915,5.557,7.479,,4.038,288.042,49.125,,,,,1
1,4,2024,13.700,-3.045,17.198,5.327,,3.438,111.425,65.984,,,,,1
1,5,2024,5.505,-3.520,0.000,-5.175,,4.427,183.564,129.163,,,,,1
1,6,2024,7.875,-4.620,0.000,-5.157,,4.513,326.248,82.243,,,,,1
1,7,2024,7.762,0.622,2.067,1.966,,1.249,3.368,53.685,,,,,1
1,8,2024,5.963,-2.823,0.581,-2.892,,5.904,133.636,66.779,,,,,1
1,9,2024,0.801,-2.349,0.403,-3.073,,8.603,148.031,67.951,,,,,1
1,10,2024,1.159,-6.097,0.000,-9.864,,5.042,136.930,131.146,,,,,1
1,11,2024,5.557,-3.315,0.000,-5.300,,3.319,128.139,83.700,,,,,1
1,12,2024,1.141,-3.257,0.000,-5.848,,4.612,150.098,76.581,,,,,1
1,13,2024,3.904,-3.503,0.388,-4.148,,4.064,91.305,78.075,,,,,1
1,14,2024,1.088,-5.585,0.000,-9.503,,5.676,155.700,131.340,,,,,1
1,15,2024,6.710,-6.277,0.000,-8.184,,2.411,140.083,134.415,,,,,1
1,16,2024,12.934,-1.865,0.000,-1.828,,4.544,28.965,124.967,,,,,1
1,17,2024,16.203,2.179,0.422,3.797,,3.362,20.241,85.230,,,,,1
1,18,2024,6.820,2.183,13.284,4.502,,3.208,247.702,44.872,,,,,1
1,19,2024,9.849,-1.656,10.975,-0.289,,6.010,176.204,76.740,,,,,1
1,20,2024,7.105,-4.328,0.000,-9.204,,1.656,227.247,133.903,,,,,1
1,21,2024,15.456,-0.248,0.000,0.486,,8.061,354.728,72.250,,,,,1
1,22,2024,16.220,6.078,1.645,6.145,,3.827,85.807,110.626,,,,,1
1,23,2024,8.776,-2.634,0.000,-5.339,,4.584,128.150,138.839,,,,,1
1,24,2024,6.760,-3.958,0.000,-5.839,,2.449,266.226,110.879,,,,,1
1,25,2024,12.543,-1.591,0.000,-3.826,,4.034,321.035,115.012,,,,,1
1,26,2024,9.723,-1.647,16.023,0.312,,3.861,288.468,38.451,,,,,1
1,27,2024,14.267,5.189,13.743,5.524,,4.490,194.532,85.246,,,,,1
1,28,2024,13.036,0.908,2.605,2.838,,4.107,161.200,136.688,,,,,1
1,29,2024,13.411,0.983,0.691,2.941,,2.812,147.556,88.466,,,,,1
1,30,2024,9.882,-0.922,0.000,-0.010,,4.062,166.298,142.408,,,,,1
1,31,2024,14.990,-2.396,0.000,-2.372,,2.590,27.935,143.245,,,,,1
2,1,2024,20.859,3.885,0.000,4.035,,2.683,26.757,143.002,,,,,1
2,2,2024,21.839,9.255,1.146,8.954,,6.691,357.108,119.833,,,,,1
2,3,2024,18.897,15.444,19.199,12.265,,3.692,4.635,87.182,,,,,1
2,4,2024,11.779,5.605,6.246,8.692,,2.687,243.318,65.010,,,,,1
2,5,2024,12.408,2.094,1.683,0.600,,5.092,156.245,118.487,,,,,1
2,6,2024,7.730,-3.380,0.000,-3.161,,3.379,311.353,97.139,,,,,1
2,7,2024,10.143,3.367,3.710,1.568,,4.600,74.605,112.793,,,,,1
2,8,2024,13.355,-2.051,0.000,-4.088,,2.156,15.877,151.542,,,,,1
2,9,2024,19.916,3.625,0.000,0.404,,3.794,18.477,155.683,,,,,1
2,10,2024,22.129,11.870,0.000,10.922,,5.907,20.346,92.070,,,,,1
2,11,2024,14.654,10.715,20.370,12.369,,6.238,338.656,48.687,,,,,1
2,12,2024,10.652,9.870,5.540,9.650,,3.830,144.513,95.407,,,,,1
2,13,2024,14.243,0.954,0.000,0.910,,2.773,184.825,158.939,,,,,1
2,14,2024,14.121,-0.007,0.000,0.955,,2.338,266.917,99.234,,,,,1
2,15,2024,12.841,5.409,4.579,5.717,,3.825,225.948,55.765,,,,,1
2,16,2024,15.394,3.039,1.357,3.108,,4.464,195.302,166.851,,,,,1
2,17,2024,20.589,1.885,0.000,1.715,,2.710,286.823,164.475,,,,,1
2,18,2024,25.507,9.625,1.440,7.763,,4.679,347.649,121.084,,,,,1
2,19,2024,25.735,13.755,3.833,12.394,,3.639,323.523,97.542,,,,,1
2,20,2024,22.798,14.886,26.949,13.368,,5.285,9.867,40.296,,,,,1
2,21,2024,17.400,2.348,1.434,-0.348,,6.900,110.365,115.416,,,,,1
2,22,2024,20.090,1.410,0.000,0.400,,3.328,36.839,183.414,,,,,1
2,23,2024,25.734,11.605,0.000,7.955,,6.672,20.760,175.013,,,,,1
2,24,2024,21.972,11.508,7.065,9.953,,0.866,133.369,86.551,,,,,1
2,25,2024,13.678,2.360,3.831,0.484,,6.602,171.110,186.058,,,,,1
2,26,2024,10.166,-1.526,0.000,-5.024,,4.769,177.762,193.315,,,,,1
2,27,2024,14.217,-1.991,0.000,-3.240,,3.336,354.142,192.192,,,,,1
2,28,2024,18.657,4.652,0.000,4.102,,7.782,22.297,117.561,,,,,1
2,29,2024,14.973,1.697,0.669,-0.574,,0.292,80.656,169.117,,,,,1
3,1,2024,11.289,-1.258,1.338,-5.621,,7.492,198.486,220.673,,,,,1
3,2,2024,7.930,-3.295,0.000,-8.943,,4.624,230.818,182.895,,,,,1
3,3,2024,12.229,-1.114,0.000,-7.227,,4.446,271.549,217.418,,,,,1
3,4,2024,14.017,1.638,36.980,-4.179,,6.051,280.794,56.185,,,,,1
3,5,2024,21.259,3.853,27.773,5.336,,2.849,146.148,92.894,,,,,1
3,6,2024,13.288,0.639,0.000,-1.992,,5.091,151.070,217.273,,,,,1
3,7,2024,19.109,-0.264,0.000,-2.216,,2.886,341.111,202.532,,,,,1
3,8,2024,17.229,9.379,3.794,8.456,,3.478,352.543,87.889,,,,,1
3,9,2024,18.459,8.710,28.284,3.652,,6.335,185.471,216.730,,,,,1
3,10,2024,20.056,1.232,0.000,-3.008,,3.992,316.426,198.574,,,,,1
3,11,2024,19.896,11.042,0.000,7.480,,4.859,60.278,206.074,,,,,1
3,12,2024,15.657,3.928,0.000,4.626,,2.997,266.169,109.361,,,,,1
3,13,2024,21.078,11.606,65.713,10.465,,5.126,326.731,68.948,,,,,1
3,14,2024,17.627,8.586,0.669,2.963,,6.565,65.731,157.122,,,,,1
3,15,2024,12.074,2.673,0.000,1.415,,4.509,135.547,152.298,,,,,1
3,16,2024,12.822,0.703,0.000,-2.346,,5.566,187.192,244.022,,,,,1
3,17,2024,15.178,-1.252,0.000,-3.056,,2.031,81.439,239.939,,,,,1
3,18,2024,19.116,5.717,0.000,2.652,,4.725,69.200,214.321,,,,,1
3,19,2024,13.609,4.378,0.000,0.334,,4.945,155.916,245.920,,,,,1
3,20,2024,14.261,0.481,0.000,-1.039,,2.231,333.031,156.818,,,,,1
3,21,2024,22.669,7.150,0.000,4.676,,3.760,13.864,226.540,,,,,1
3,22,2024,22.260,8.233,0.000,5.609,,4.473,9.393,227.229,,,,,1
3,23,2024,25.608,8.607,3.947,6.350,,3.231,293.848,206.508,,,,,1
3,24,2024,27.236,11.968,10.016,9.761,,4.610,319.238,211.424,,,,,1
3,25,2024,25.662,14.226,5.364,13.607,,6.537,355.482,132.229,,,,,1
3,26,2024,29.847,17.545,0.000,13.792,,5.097,26.354,206.542,,,,,1
3,27,2024,29.531,18.120,3.927,15.046,,2.676,55.857,151.894,,,,,1
3,28,2024,28.538,16.279,7.062,13.702,,1.872,338.803,148.067,,,,,1
3,29,2024,25.183,9.365,8.358,10.381,,2.461,160.410,79.184,,,,,1
3,30,2024,11.914,2.259,7.542,-2.031,,8.207,188.262,223.989,,,,,1
3,31,2024,12.514,-1.311,0.000,-5.100,,4.505,143.014,262.355,,,,,1
4,1,2024,9.500,-2.842,0.000,-6.541,,3.010,201.108,275.124,,,,,1
4,2,2024,17.950,3.448,0.000,-0.844,,5.433,334.097,248.508,,,,,1
4,3,2024,22.860,4.282,41.550,8.142,,2.476,3.393,162.522,,,,,1
4,4,2024,16.411,4.647,0.281,1.692,,6.034,174.958,274.751,,,,,1
4,5,2024,22.251,2.729,0.000,0.769,,3.702,64.379,249.784,,,,,1
4,6,2024,16.341,6.327,0.000,3.413,,6.016,139.072,211.634,,,,,1
4,7,2024,12.547,0.901,0.000,-0.206,,4.685,139.688,232.702,,,,,1
4,8,2024,14.758,1.742,0.000,-0.487,,3.638,160.259,276.677,,,,,1
4,9,2024,22.872,5.026,0.000,4.476,,4.700,7.474,190.115,,,,,1
4,10,2024,21.758,15.656,0.000,8.957,,5.969,108.779,278.271,,,,,1
4,11,2024,19.731,5.471,0.000,0.782,,3.311,147.780,283.669,,,,,1
4,12,2024,18.429,3.836,0.000,-0.201,,3.315,240.700,268.646,,,,,1
4,13,2024,20.143,6.219,0.000,3.284,,3.497,280.269,184.949,,,,,1
4,14,2024,24.972,12.361,60.895,13.027,,4.474,327.513,106.430,,,,,1
4,15,2024,18.090,3.085,7.432,10.588,,5.665,178.351,216.931,,,,,1
4,16,2024,15.826,9.188,0.000,6.807,,4.733,210.930,169.212,,,,,1
4,17,2024,18.214,8.273,0.000,8.509,,2.883,217.740,225.614,,,,,1
4,18,2024,21.834,9.071,0.000,9.330,,2.276,276.224,227.441,,,,,1
4,19,2024,24.919,10.030,0.645,9.336,,3.314,286.359,245.240,,,,,1
4,20,2024,27.122,14.156,18.749,15.320,,5.813,326.580,175.525,,,,,1
4,21,2024,28.972,20.152,91.911,16.888,,4.630,14.960,176.247,,,,,1
4,22,2024,29.389,14.216,2.203,11.966,,4.103,56.301,257.482,,,,,1
4,23,2024,28.343,15.127,2.447,13.317,,3.151,80.046,239.325,,,,,1
4,24,2024,25.333,11.739,1.053,11.111,,3.568,146.463,263.739,,,,,1
4,25,2024,24.177,9.304,0.000,9.331,,3.201,120.064,248.098,,,,,1
4,26,2024,19.784,8.162,0.000,5.020,,4.817,152.575,323.003,,,,,1
4,27,2024,18.858,7.325,0.000,4.875,,3.038,232.980,237.671,,,,,1
4,28,2024,17.765,7.520,10.666,6.250,,2.909,289.393,120.420,,,,,1
4,29,2024,17.693,9.434,3.503,9.315,,1.621,186.947,207.977,,,,,1
4,30,2024,16.342,8.155,0.000,3.107,,7.837,128.150,336.078,,,,,1
5,1,2024,22.924,3.967,0.000,3.936,,3.579,71.686,336.651,,,,,1
5,2,2024,21.937,10.727,0.000,10.211,,4.417,6.368,215.693,,,,,1
5,3,2024,27.017,16.982,3.316,14.505,,6.096,350.095,232.798,,,,,1
5,4,2024,22.317,14.815,33.662,18.264,,3.639,355.831,156.992,,,,,1
5,5,2024,22.932,14.523,6.220,18.124,,1.912,303.799,144.699,,,,,1
5,6,2024,24.798,17.513,17.025,17.498,,3.385,327.132,183.787,,,,,1
5,7,2024,23.105,14.042,18.383,17.965,,5.049,356.503,179.696,,,,,1
5,8,2024,25.225,15.136,16.776,18.077,,4.802,14.535,209.501,,,,,1
5,9,2024,26.160,19.683,57.336,18.613,,2.273,21.242,120.528,,,,,1
5,10,2024,24.345,16.807,116.901,17.357,,3.829,268.227,115.328,,,,,1
5,11,2024,24.628,15.117,102.657,15.210,,4.067,207.764,124.012,,,,,1
5,12,2024,16.059,10.289,6.607,8.417,,7.398,170.440,247.482,,,,,1
5,13,2024,16.052,8.451,0.493,5.833,,7.502,161.353,296.979,,,,,1
5,14,2024,20.658,8.957,0.000,6.106,,5.344,149.550,340.213,,,,,1
5,15,2024,24.305,7.875,0.000,6.622,,4.501,111.622,339.691,,,,,1
5,16,2024,18.798,11.508,0.000,8.239,,4.508,144.875,338.460,,,,,1
5,17,2024,19.562,4.167,0.000,5.584,,4.145,105.208,335.674,,,,,1
5,18,2024,21.679,7.288,0.000,9.382,,2.206,186.838,336.805,,,,,1
5,19,2024,19.894,8.084,6.665,10.343,,1.787,254.511,188.521,,,,,1
5,20,2024,21.096,8.594,0.000,9.493,,2.855,210.678,341.503,,,,,1
5,21,2024,23.524,7.389,0.000,8.558,,2.160,304.733,351.324,,,,,1
5,22,2024,24.912,10.066,0.000,9.981,,3.067,335.704,342.867,,,,,1
5,23,2024,25.434,13.076,0.000,11.648,,4.455,339.613,324.684,,,,,1
5,24,2024,22.789,13.952,10.803,14.026,,2.643,319.708,293.714,,,,,1
5,25,2024,21.668,13.996,0.350,12.826,,4.637,151.525,255.260,,,,,1
5,26,2024,21.805,6.071,0.000,4.793,,2.891,152.897,365.457,,,,,1
5,27,2024,24.953,7.583,0.000,7.925,,2.459,15.067,352.239,,,,,1
5,28,2024,27.243,10.973,0.000,9.273,,2.827,347.793,347.530,,,,,1
5,29,2024,26.586,14.345,0.000,14.996,,3.448,345.436,235.167,,,,,1
5,30,2024,28.657,19.282,2.082,18.925,,3.929,343.860,224.337,,,,,1
5,31,2024,28.751,17.126,1.996,19.366,,3.077,338.349,233.063,,,,,1
6,1,2024,29.253,17.056,1.185,19.627,,2.743,337.890,232.827,,,,,1
6,2,2024,28.956,18.957,0.000,20.117,,2.437,335.635,211.276,,,,,1
6,3,2024,30.391,19.684,0.000,20.107,,2.187,332.635,250.746,,,,,1
6,4,2024,29.371,18.522,1.001,19.896,,2.568,0.489,237.256,,,,,1
6,5,2024,30.113,18.466,0.000,19.199,,3.722,28.964,311.187,,,,,1
6,6,2024,29.366,20.463,0.000,19.666,,3.462,122.407,296.697,,,,,1
6,7,2024,28.362,13.824,0.000,13.714,,2.840,212.578,358.122,,,,,1
6,8,2024,31.479,13.189,0.000,13.382,,2.032,11.517,345.841,,,,,1
6,9,2024,31.630,19.237,0.000,19.012,,3.956,14.120,295.676,,,,,1
6,10,2024,31.011,21.017,1.828,21.236,,3.641,46.634,223.277,,,,,1
6,11,2024,32.167,20.566,33.169,20.979,,2.349,70.346,209.555,,,,,1
6,12,2024,29.553,20.143,0.000,20.205,,2.498,223.878,252.377,,,,,1
6,13,2024,30.733,18.354,0.526,19.389,,2.569,301.741,221.842,,,,,1
6,14,2024,30.301,20.323,0.000,20.596,,3.030,336.914,247.594,,,,,1
6,15,2024,29.649,18.559,0.566,19.884,,2.356,354.092,300.160,,,,,1
6,16,2024,30.199,19.209,0.289,20.295,,2.618,8.099,237.494,,,,,1
6,17,2024,29.778,20.350,2.169,21.466,,3.771,37.903,230.012,,,,,1
6,18,2024,29.578,21.506,10.517,22.228,,3.016,39.587,212.265,,,,,1
6,19,2024,26.427,21.603,10.410,21.764,,1.972,2.996,152.259,,,,,1
6,20,2024,28.021,20.264,4.721,20.547,,2.290,4.875,198.981,,,,,1
6,21,2024,25.975,19.868,25.263,21.252,,3.033,332.172,188.437,,,,,1
6,22,2024,26.977,22.370,42.740,22.981,,4.504,346.048,167.064,,,,,1
6,23,2024,28.777,21.460,7.679,21.722,,3.233,1.442,215.676,,,,,1
6,24,2024,29.761,19.959,0.895,21.154,,2.441,10.106,212.676,,,,,1
6,25,2024,30.091,19.738,0.530,21.155,,1.306,356.935,243.595,,,,,1
6,26,2024,31.027,20.748,5.395,21.841,,1.488,318.778,229.748,,,,,1
6,27,2024,30.848,20.513,1.163,21.774,,1.055,329.077,224.126,,,,,1
6,28,2024,31.093,21.169,3.414,22.325,,1.347,354.030,234.092,,,,,1
6,29,2024,31.358,21.264,1.275,22.179,,1.449,54.506,295.875,,,,,1
6,30,2024,31.381,21.394,0.000,23.230,,1.281,66.417,246.006,,,,,1
7,1,2024,31.951,20.686,0.000,23.030,,0.977,86.134,250.008,,,,,1
7,2,2024,32.153,20.282,0.000,22.431,,1.292,82.895,336.348,,,,,1
7,3,2024,32.507,20.492,0.000,22.291,,1.285,84.384,333.676,,,,,1
7,4,2024,33.089,20.952,1.173,22.459,,1.834,95.074,359.260,,,,,1
7,5,2024,33.795,21.552,3.480,22.873,,1.197,80.912,313.984,,,,,1
7,6,2024,33.313,22.327,0.636,23.177,,1.552,52.389,252.760,,,,,1
7,7,2024,34.143,22.505,0.000,23.009,,2.507,58.700,359.121,,,,,1
7,8,2024,33.869,22.857,0.000,23.002,,3.368,79.239,315.895,,,,,1
7,9,2024,35.076,22.610,0.000,22.335,,2.632,63.886,361.902,,,,,1
7,10,2024,35.325,22.821,0.000,21.798,,2.863,68.366,367.145,,,,,1
7,11,2024,35.437,23.168,0.000,21.631,,2.631,89.929,361.620,,,,,1
7,12,2024,35.869,22.944,0.000,21.147,,2.294,64.095,351.985,,,,,1
7,13,2024,35.888,23.380,0.000,21.495,,3.698,39.184,347.209,,,,,1
7,14,2024,33.874,23.864,3.778,22.615,,2.626,48.337,207.794,,,,,1
7,15,2024,32.112,22.617,6.853,23.535,,1.662,188.344,220.631,,,,,1
7,16,2024,32.738,22.974,11.911,23.740,,2.589,6.632,216.347,,,,,1
7,17,2024,34.052,23.849,2.109,23.257,,3.416,32.494,275.214,,,,,1
7,18,2024,32.154,24.106,29.076,23.968,,3.014,351.810,196.952,,,,,1
7,19,2024,32.694,24.530,33.539,23.900,,2.839,38.399,154.774,,,,,1
7,20,2024,33.989,22.673,1.876,22.481,,3.172,57.356,333.143,,,,,1
7,21,2024,34.560,24.396,0.360,22.202,,3.946,48.233,286.819,,,,,1
7,22,2024,35.838,24.757,0.000,21.246,,4.170,53.392,354.236,,,,,1
7,23,2024,35.328,24.442,0.000,21.369,,3.580,54.913,281.504,,,,,1
7,24,2024,34.445,24.184,0.000,22.087,,2.543,40.783,235.373,,,,,1
7,25,2024,34.149,23.798,0.000,21.138,,2.990,53.493,286.522,,,,,1
7,26,2024,35.093,22.156,0.000,18.558,,2.785,84.542,336.925,,,,,1
7,27,2024,35.334,23.235,10.655,20.015,,1.968,140.051,265.026,,,,,1
7,28,2024,34.966,22.646,2.599,21.148,,2.316,200.331,270.571,,,,,1
7,29,2024,35.072,23.461,1.723,21.127,,1.374,307.290,255.457,,,,,1
7,30,2024,33.856,22.142,2.420,21.590,,2.152,320.102,246.798,,,,,1
7,31,2024,33.119,20.903,1.018,20.665,,2.949,320.687,273.760,,,,,1
8,1,2024,32.946,21.884,1.890,21.227,,3.816,319.649,262.273,,,,,1
8,2,2024,32.911,22.331,0.000,21.764,,3.096,326.594,242.172,,,,,1
8,3,2024,33.304,21.833,0.326,21.051,,2.828,347.900,254.204,,,,,1
8,4,2024,34.361,21.507,0.000,19.969,,2.423,23.679,272.654,,,,,1
8,5,2024,35.039,22.609,0.000,19.260,,2.685,53.549,284.583,,,,,1
8,6,2024,35.099,22.879,2.402,20.567,,2.182,132.360,242.186,,,,,1
8,7,2024,34.257,20.692,1.667,19.903,,3.788,206.550,315.942,,,,,1
8,8,2024,35.074,17.047,0.331,14.680,,2.110,255.320,318.803,,,,,1
8,9,2024,35.332,21.491,0.365,19.732,,2.457,332.388,288.419,,,,,1
8,10,2024,35.856,23.232,0.799,20.024,,2.771,6.904,307.628,,,,,1
8,11,2024,34.601,23.279,0.000,21.792,,3.281,23.237,252.258,,,,,1
8,12,2024,35.945,23.235,0.000,20.508,,3.746,42.469,320.409,,,,,1
8,13,2024,34.701,25.232,0.000,21.303,,1.869,121.072,198.569,,,,,1
8,14,2024,35.652,23.352,0.000,21.486,,0.707,206.033,237.622,,,,,1
8,15,2024,36.047,23.963,0.000,21.364,,1.836,20.845,278.181,,,,,1
8,16,2024,36.670,23.605,0.000,20.185,,1.428,57.620,313.155,,,,,1
8,17,2024,36.955,23.508,0.000,19.508,,1.138,62.977,311.610,,,,,1
8,18,2024,36.576,23.035,0.629,19.122,,0.787,92.258,305.862,,,,,1
8,19,2024,36.607,23.268,0.000,18.843,,1.464,45.977,277.169,,,,,1
8,20,2024,38.659,24.330,3.167,20.552,,2.389,30.860,251.016,,,,,1
8,21,2024,33.752,22.124,0.000,20.987,,2.985,21.645,252.428,,,,,1
8,22,2024,33.320,21.317,0.000,19.242,,2.213,13.929,217.203,,,,,1
8,23,2024,33.321,21.278,0.000,19.141,,1.852,31.972,193.161,,,,,1
8,24,2024,32.876,20.922,4.832,20.100,,2.508,31.803,183.049,,,,,1
8,25,2024,32.731,21.595,1.969,21.074,,2.624,23.952,204.997,,,,,1
8,26,2024,34.361,21.866,0.590,20.714,,1.536,69.670,237.387,,,,,1
8,27,2024,33.722,21.977,3.149,21.251,,0.710,202.303,193.405,,,,,1
8,28,2024,31.805,22.888,2.138,21.646,,2.598,180.124,167.932,,,,,1
8,29,2024,28.860,18.876,4.592,20.146,,4.510,190.698,221.889,,,,,1
8,30,2024,29.014,15.192,0.522,17.965,,3.857,203.903,251.185,,,,,1
8,31,2024,30.533,13.999,0.000,16.736,,2.786,211.734,277.144,,,,,1
9,1,2024,32.092,15.142,0.000,16.642,,2.576,231.877,306.473,,,,,1
9,2,2024,31.114,18.120,0.610,17.535,,2.101,260.236,202.815,,,,,1
9,3,2024,31.292,17.264,1.293,17.755,,2.481,211.399,165.700,,,,,1
9,4,2024,28.584,14.915,0.000,18.145,,3.000,192.432,143.619,,,,,1
9,5,2024,31.205,14.982,0.000,15.251,,3.128,223.423,308.876,,,,,1
9,6,2024,31.260,14.472,0.000,11.794,,3.963,248.083,310.956,,,,,1
9,7,2024,31.983,16.302,0.000,15.015,,4.037,270.448,285.759,,,,,1
9,8,2024,32.020,18.232,0.936,17.497,,4.917,300.028,270.466,,,,,1
9,9,2024,31.722,18.130,0.000,17.594,,6.545,327.540,248.364,,,,,1
9,10,2024,33.060,20.133,146.799,19.595,,6.455,279.255,106.873,,,,,1
9,11,2024,29.281,20.535,236.517,23.004,,12.653,323.633,123.884,,,,,1
9,12,2024,30.005,23.342,12.420,23.044,,7.965,9.620,206.588,,,,,1
9,13,2024,28.614,22.320,4.147,22.864,,4.491,53.124,183.575,,,,,1
9,14,2024,26.945,19.880,0.434,22.161,,3.833,12.636,230.371,,,,,1
9,15,2024,27.344,18.355,1.832,21.495,,3.195,340.733,242.107,,,,,1
9,16,2024,28.409,15.922,0.528,20.558,,2.460,307.123,222.846,,,,,1
9,17,2024,27.359,15.021,0.953,20.394,,2.286,265.233,238.921,,,,,1
9,18,2024,27.998,15.074,0.000,20.488,,2.780,207.318,176.870,,,,,1
9,19,2024,25.320,14.475,0.979,19.897,,2.120,212.740,159.228,,,,,1
9,20,2024,26.562,16.263,0.000,20.760,,3.261,303.175,244.381,,,,,1
9,21,2024,26.927,14.498,0.000,19.473,,3.693,289.025,242.636,,,,,1
9,22,2024,26.769,16.398,1.140,20.739,,4.037,290.041,190.759,,,,,1
9,23,2024,26.535,18.647,8.921,21.087,,6.358,294.144,185.639,,,,,1
9,24,2024,28.991,21.641,44.008,22.810,,6.733,332.658,133.262,,,,,1
9,25,2024,27.006,21.873,27.309,23.198,,4.281,351.962,117.497,,,,,1
9,26,2024,28.409,22.416,16.592,23.156,,3.328,65.324,119.326,,,,,1
9,27,2024,26.978,16.373,0.000,20.702,,3.914,177.538,226.265,,,,,1
9,28,2024,27.540,11.324,0.000,13.079,,2.064,281.397,242.875,,,,,1
9,29,2024,26.359,12.122,0.000,13.810,,3.408,303.287,233.938,,,,,1
9,30,2024,26.554,11.275,0.000,13.763,,1.911,295.108,231.652,,,,,1
10,1,2024,27.223,11.674,0.000,13.898,,2.412,209.034,220.478,,,,,1
10,2,2024,27.043,11.900,0.000,14.313,,0.974,56.132,208.218,,,,,1
10,3,2024,23.570,15.778,0.000,17.106,,2.788,139.952,113.954,,,,,1
10,4,2024,19.849,11.030,0.658,13.461,,4.214,198.869,149.617,,,,,1
10,5,2024,18.776,7.508,0.000,7.689,,4.696,205.733,220.467,,,,,1
10,6,2024,18.881,4.540,0.000,5.034,,4.312,228.356,246.515,,,,,1
10,7,2024,16.196,4.574,0.000,5.105,,4.408,227.739,237.519,,,,,1
10,8,2024,15.043,2.405,0.000,3.145,,4.623,202.824,242.110,,,,,1
10,9,2024,18.878,2.224,0.000,4.841,,4.591,168.841,235.368,,,,,1
10,10,2024,21.197,3.436,0.000,5.772,,3.453,153.503,233.764,,,,,1
10,11,2024,22.980,3.755,0.000,5.159,,2.341,150.570,227.994,,,,,1
10,12,2024,23.407,4.113,0.000,5.635,,1.876,179.223,222.965,,,,,1
10,13,2024,26.129,6.990,0.000,6.997,,1.505,6.550,228.568,,,,,1
10,14,2024,24.151,9.652,0.000,10.191,,3.645,171.303,211.350,,,,,1
10,15,2024,19.210,6.944,0.000,4.851,,4.323,200.149,229.122,,,,,1
10,16,2024,20.296,3.504,0.000,1.297,,2.952,303.183,221.309,,,,,1
10,17,2024,22.488,10.098,0.000,7.688,,2.878,319.595,111.592,,,,,1
10,18,2024,26.685,10.876,2.497,11.814,,2.757,314.103,154.782,,,,,1
10,19,2024,23.378,15.107,31.241,16.857,,2.171,83.237,84.897,,,,,1
10,20,2024,17.644,5.040,0.000,4.984,,6.969,96.997,215.879,,,,,1
10,21,2024,17.720,4.661,0.000,3.546,,5.463,107.322,198.457,,,,,1
10,22,2024,18.387,3.614,0.000,0.868,,2.972,122.136,211.859,,,,,1
10,23,2024,23.342,5.525,0.000,6.105,,4.619,20.538,201.209,,,,,1
10,24,2024,22.752,10.191,0.000,11.559,,1.897,147.667,201.856,,,,,1
10,25,2024,19.573,10.152,0.354,13.722,,3.522,359.514,64.926,,,,,1
10,26,2024,24.771,13.801,0.621,13.378,,4.031,70.653,176.937,,,,,1
10,27,2024,25.388,13.611,0.000,11.018,,5.094,96.016,182.162,,,,,1
10,28,2024,20.753,10.324,0.000,2.896,,6.069,141.490,190.683,,,,,1
10,29,2024,22.501,4.087,0.000,0.291,,2.707,345.076,158.390,,,,,1
10,30,2024,25.259,14.747,0.000,8.706,,4.577,59.581,162.906,,,,,1
10,31,2024,19.007,9.943,0.000,4.220,,6.583,131.267,152.230,,,,,1
11,1,2024,16.610,2.782,0.000,2.697,,3.179,163.618,172.895,,,,,1
11,2,2024,24.253,2.961,0.000,-0.824,,3.997,339.939,167.145,,,,,1
11,3,2024,27.872,12.695,0.000,9.862,,3.799,48.650,155.723,,,,,1
11,4,2024,25.516,14.274,1.408,10.975,,1.939,315.202,110.602,,,,,1
11,5,2024,25.202,9.182,0.000,3.551,,3.402,299.839,160.119,,,,,1
11,6,2024,26.610,10.122,0.000,6.207,,4.158,331.861,151.463,,,,,1
11,7,2024,26.261,12.267,0.000,9.165,,5.107,342.339,155.002,,,,,1
11,8,2024,25.329,14.889,1.003,13.547,,2.000,9.696,103.109,,,,,1
11,9,2024,25.806,10.452,0.000,11.409,,3.617,313.432,111.845,,,,,1
11,10,2024,20.072,12.006,14.851,14.605,,3.612,6.577,62.366,,,,,1
11,11,2024,16.067,5.725,2.107,4.325,,7.672,120.838,155.553,,,,,1
11,12,2024,22.925,3.093,0.000,-6.870,,2.069,22.732,154.364,,,,,1
11,13,2024,23.590,5.875,0.000,-2.387,,2.925,226.758,151.487,,,,,1
11,14,2024,25.252,6.720,0.000,4.522,,3.266,309.263,139.688,,,,,1
11,15,2024,25.400,10.295,0.000,8.255,,3.450,340.100,141.104,,,,,1
11,16,2024,26.338,10.458,0.000,7.730,,3.335,338.621,139.615,,,,,1
11,17,2024,23.573,11.975,2.470,10.886,,2.267,356.221,90.663,,,,,1
11,18,2024,19.757,10.103,18.679,10.101,,5.097,200.791,66.132,,,,,1
11,19,2024,18.909,6.085,0.575,3.714,,3.470,252.416,132.264,,,,,1
11,20,2024,16.012,8.901,22.962,12.456,,2.215,341.999,37.237,,,,,1
11,21,2024,21.599,9.118,1.638,13.170,,3.075,327.869,67.776,,,,,1
11,22,2024,25.145,12.853,0.000,12.244,,2.598,22.123,133.520,,,,,1
11,23,2024,25.199,11.225,1.634,12.505,,4.272,344.928,92.318,,,,,1
11,24,2024,24.769,14.904,17.212,15.873,,6.628,4.253,57.697,,,,,1
11,25,2024,21.926,10.763,8.305,9.238,,3.163,116.951,80.581,,,,,1
11,26,2024,14.505,-0.064,1.713,2.784,,1.724,134.859,134.590,,,,,1
11,27,2024,17.648,3.539,0.000,-0.820,,4.088,21.920,128.140,,,,,1
11,28,2024,12.680,0.693,0.000,-3.581,,6.863,122.080,131.531,,,,,1
11,29,2024,14.797,-1.560,0.000,-4.909,,4.212,4.333,132.947,,,,,1
11,30,2024,16.992,8.478,0.000,6.080,,3.323,58.834,69.018,,,,,1
12,1,2024,12.670,-0.820,0.000,-5.400,,2.967,239.999,132.103,,,,,1
12,2,2024,21.148,1.674,0.000,1.622,,4.146,308.189,74.061,,,,,1
12,3,2024,24.020,17.751,11.015,13.795,,4.288,348.496,44.742,,,,,1
12,4,2024,18.806,0.476,4.235,-3.090,,7.549,173.568,127.153,,,,,1
12,5,2024,5.925,-3.123,0.000,-9.180,,3.822,174.830,66.153,,,,,1
12,6,2024,10.795,-2.038,0.000,-5.884,,1.892,69.667,71.321,,,,,1
12,7,2024,11.161,-1.241,5.636,-1.966,,3.123,326.266,59.521,,,,,1
12,8,2024,9.202,5.575,47.396,6.809,,3.930,195.052,51.402,,,,,1
12,9,2024,11.215,-1.586,0.000,-0.944,,3.520,199.930,128.186,,,,,1
12,10,2024,12.693,-2.385,0.000,-2.440,,3.303,327.503,128.410,,,,,1
12,11,2024,14.964,0.186,4.034,3.790,,3.462,342.672,89.975,,,,,1
12,12,2024,15.888,5.754,6.260,1.991,,4.491,164.610,127.258,,,,,1
12,13,2024,13.475,-1.127,0.000,-2.856,,2.974,16.168,128.525,,,,,1
12,14,2024,16.232,0.649,0.000,1.768,,5.185,341.446,78.234,,,,,1
12,15,2024,15.793,8.339,17.783,8.737,,4.299,116.692,84.328,,,,,1
12,16,2024,9.201,-2.100,0.000,-1.257,,3.664,200.041,117.227,,,,,1
12,17,2024,12.495,-0.802,0.000,-0.614,,2.389,315.056,111.115,,,,,1
12,18,2024,8.526,1.805,12.721,1.924,,2.906,178.930,40.680,,,,,1
12,19,2024,11.981,-0.622,0.000,-1.105,,4.058,41.474,72.277,,,,,1
12,20,2024,22.731,9.554,0.000,7.721,,7.268,15.889,104.988,,,,,1
12,21,2024,20.727,15.343,6.720,11.718,,8.540,32.310,48.364,,,,,1
12,22,2024,15.129,5.514,0.343,1.126,,6.011,51.767,111.723,,,,,1
12,23,2024,21.937,10.651,0.000,6.829,,4.514,6.993,84.707,,,,,1
12,24,2024,25.384,15.382,19.317,13.448,,8.998,332.224,57.511,,,,,1
12,25,2024,20.553,8.756,52.768,10.581,,6.146,26.450,87.313,,,,,1
12,26,2024,9.667,-0.614,4.147,-2.118,,7.680,64.369,58.745,,,,,1
12,27,2024,8.948,-2.890,0.000,-6.760,,2.523,56.841,125.699,,,,,1
12,28,2024,10.286,-1.967,0.000,-4.691,,2.467,335.571,80.150,,,,,1
12,29,2024,9.405,-1.416,0.592,-1.381,,2.814,167.654,118.034,,,,,1
12,30,2024,12.967,-0.404,0.658,-1.135,,4.491,4.739,119.120,,,,,1
12,31,2024,8.524,-0.737,2.000,-0.097,,3.917,149.590,59.837,,,,,1
1,1,2025,-0.581,-8.167,0.000,-16.999,,5.733,153.136,128.432,,,,,1
1,2,2025,6.334,-7.952,0.000,-14.726,,4.953,5.248,115.572,,,,,1
1,3,2025,20.104,2.161,0.000,-0.903,,5.631,63.686,115.117,,,,,1
1,4,2025,9.281,-2.460,0.000,-9.020,,2.806,225.924,127.491,,,,,1
1,5,2025,12.270,-2.588,1.641,-8.523,,4.593,299.111,97.554,,,,,1
1,6,2025,20.800,6.906,20.379,7.987,,7.991,323.173,65.879,,,,,1
1,7,2025,20.349,14.007,29.932,12.276,,4.437,15.636,110.871,,,,,1
1,8,2025,20.131,3.323,7.700,10.470,,6.422,339.978,85.621,,,,,1
1,9,2025,21.887,11.688,8.574,11.977,,4.196,50.053,119.237,,,,,1
1,10,2025,19.411,10.386,7.114,9.186,,3.171,265.477,36.726,,,,,1
1,11,2025,17.169,2.173,22.819,8.109,,4.045,195.097,37.498,,,,,1
1,12,2025,7.897,2.870,6.476,5.384,,3.679,217.336,40.542,,,,,1
1,13,2025,9.890,3.960,22.261,6.925,,2.761,208.271,42.076,,,,,1
1,14,2025,8.210,-4.645,8.368,-0.144,,5.583,147.533,85.545,,,,,1
1,15,2025,7.613,-5.151,0.000,-6.114,,2.702,310.917,137.570,,,,,1
1,16,2025,6.046,-3.031,0.000,-4.411,,4.395,112.426,126.057,,,,,1
1,17,2025,-0.877,-8.182,0.000,-19.875,,5.668,134.082,137.923,,,,,1
1,18,2025,3.875,-10.078,0.000,-19.936,,4.790,330.517,132.540,,,,,1
1,19,2025,8.785,-0.404,28.604,-1.851,,5.505,319.757,31.687,,,,,1
1,20,2025,9.732,-1.728,3.633,-4.971,,4.778,190.218,137.994,,,,,1
1,21,2025,7.942,-4.572,0.000,-5.385,,4.249,6.571,136.223,,,,,1
1,22,2025,4.976,-3.548,0.000,-4.956,,4.028,163.710,138.441,,,,,1
1,23,2025,9.119,-5.219,0.000,-7.338,,4.842,358.290,137.998,,,,,1
1,24,2025,7.591,-1.822,0.000,-2.432,,2.676,205.849,139.615,,,,,1
1,25,2025,4.284,-5.002,0.000,-10.070,,4.552,239.323,143.047,,,,,1
1,26,2025,9.743,-4.956,0.000,-9.195,,3.753,290.215,146.854,,,,,1
1,27,2025,12.032,-2.408,0.000,-2.197,,2.355,341.329,113.672,,,,,1
1,28,2025,10.628,1.340,1.966,1.549,,3.414,262.565,75.269,,,,,1
1,29,2025,9.496,-2.252,28.407,-2.166,,6.631,190.609,128.554,,,,,1
1,30,2025,1.690,-8.656,0.000,-11.586,,4.826,169.817,153.072,,,,,1
1,31,2025,4.042,-8.746,0.000,-13.075,,2.072,216.856,150.773,,,,,1
2,1,2025,5.724,-5.386,0.422,-9.071,,2.461,220.082,146.049,,,,,1
2,2,2025,8.483,-3.982,0.651,-5.117,,1.573,229.765,145.402,,,,,1
2,3,2025,5.190,-1.613,1.022,-3.425,,3.460,134.745,147.301,,,,,1
2,4,2025,9.697,-4.457,0.000,-8.711,,2.277,343.002,146.462,,,,,1
2,5,2025,20.115,-0.167,1.347,1.151,,5.920,326.400,128.833,,,,,1
2,6,2025,23.216,17.571,34.044,13.662,,9.431,355.709,47.046,,,,,1
2,7,2025,23.765,12.141,8.354,10.093,,4.794,58.298,153.234,,,,,1
2,8,2025,22.149,2.523,0.000,1.918,,4.711,336.851,152.077,,,,,1
2,9,2025,20.601,3.891,6.667,10.205,,7.834,10.721,85.501,,,,,1
2,10,2025,20.577,0.728,0.407,-4.730,,2.771,197.229,161.592,,,,,1
2,11,2025,21.410,-3.174,6.005,5.866,,5.839,346.759,94.190,,,,,1
2,12,2025,26.510,11.510,4.245,10.459,,3.401,339.428,153.074,,,,,1
2,13,2025,25.530,13.621,23.244,13.582,,7.377,21.600,66.596,,,,,1
2,14,2025,22.022,-3.393,0.470,-45.178,,5.172,153.808,170.149,,,,,1
2,15,2025,15.454,-1.549,0.000,-5.788,,4.061,300.354,166.397,,,,,1
2,16,2025,15.497,5.910,11.038,6.319,,3.021,313.484,50.691,,,,,1
2,17,2025,19.966,6.240,0.000,5.702,,4.449,193.858,164.832,,,,,1
2,18,2025,20.383,2.866,0.000,0.981,,1.964,201.937,173.285,,,,,1
2,19,2025,23.205,5.940,0.000,4.227,,4.617,359.708,173.175,,,,,1
2,20,2025,24.697,8.397,0.000,6.075,,4.475,9.711,175.647,,,,,1
2,21,2025,25.663,9.143,0.000,7.756,,4.127,357.468,136.123,,,,,1
2,22,2025,25.729,13.263,1.568,11.466,,5.298,347.914,103.864,,,,,1
2,23,2025,26.247,13.088,0.626,9.998,,3.903,355.456,149.947,,,,,1
2,24,2025,26.785,11.571,0.000,8.487,,5.206,347.823,177.281,,,,,1
2,25,2025,26.026,12.435,0.950,9.612,,3.151,21.440,158.708,,,,,1
2,26,2025,22.819,9.935,0.000,8.372,,2.446,242.150,116.792,,,,,1
2,27,2025,23.796,10.064,26.869,10.353,,6.493,344.101,129.221,,,,,1
2,28,2025,21.317,8.378,20.759,8.326,,6.085,110.406,129.634,,,,,1
3,1,2025,12.514,0.139,0.000,-1.806,,3.690,205.890,188.745,,,,,1
3,2,2025,15.534,3.643,0.000,-2.133,,3.988,222.157,205.279,,,,,1
3,3,2025,18.434,2.188,0.000,-1.397,,2.278,184.359,192.690,,,,,1
3,4,2025,22.820,3.352,0.299,0.500,,3.338,356.838,214.290,,,,,1
3,5,2025,26.159,10.389,0.000,5.865,,5.424,1.992,198.691,,,,,1
3,6,2025,19.845,9.213,13.457,10.303,,2.702,358.783,94.971,,,,,1
3,7,2025,16.393,5.230,9.241,-0.153,,5.319,157.512,214.279,,,,,1
3,8,2025,19.251,-0.082,0.000,-4.075,,3.008,328.347,227.357,,,,,1
3,9,2025,22.755,7.835,1.346,7.344,,5.238,309.946,121.942,,,,,1
3,10,2025,23.341,4.869,73.196,9.385,,3.622,110.675,44.976,,,,,1
3,11,2025,9.943,2.531,1.230,0.415,,6.139,128.815,152.381,,,,,1
3,12,2025,13.144,-1.132,0.000,-4.917,,2.822,194.665,235.179,,,,,1
3,13,2025,16.855,-0.318,0.000,-3.821,,1.902,334.657,231.052,,,,,1
3,14,2025,21.180,1.251,0.000,-2.219,,2.236,337.958,234.138,,,,,1
3,15,2025,24.207,4.564,0.000,1.606,,3.346,354.491,229.584,,,,,1
3,16,2025,23.583,7.158,1.103,5.827,,2.717,194.612,188.647,,,,,1
3,17,2025,15.758,5.537,0.000,2.093,,6.209,193.966,217.359,,,,,1
3,18,2025,14.358,-0.403,0.000,-5.087,,2.215,202.227,241.969,,,,,1
3,19,2025,14.376,3.808,0.000,0.281,,1.616,338.309,146.799,,,,,1
3,20,2025,18.681,3.059,0.000,-0.267,,2.225,56.045,246.239,,,,,1
3,21,2025,14.452,7.515,0.000,2.843,,6.130,104.917,196.053,,,,,1
3,22,2025,11.143,2.936,0.000,0.055,,6.709,132.121,241.355,,,,,1
3,23,2025,16.989,-0.379,0.000,-2.105,,2.362,29.466,255.443,,,,,1
3,24,2025,20.967,6.378,0.000,3.987,,4.178,350.583,176.368,,,,,1
3,25,2025,23.134,12.452,3.809,9.718,,4.810,38.013,155.239,,,,,1
3,26,2025,16.619,3.396,0.000,-3.097,,3.613,173.225,259.858,,,,,1
3,27,2025,13.174,4.397,16.380,3.231,,4.625,236.257,76.821,,,,,1
3,28,2025,16.859,7.153,1.229,6.253,,6.149,184.823,216.835,,,,,1
3,29,2025,14.018,3.862,0.000,2.124,,6.017,184.859,251.317,,,,,1
3,30,2025,17.923,4.460,0.000,1.429,,3.281,256.847,206.228,,,,,1
3,31,2025,16.380,7.021,16.621,9.960,,5.363,307.776,85.112,,,,,1
4,1,2025,22.485,11.488,32.164,12.022,,10.203,37.592,181.925,,,,,1
4,2,2025,9.310,-2.071,0.000,-3.815,,8.828,120.487,224.150,,,,,1
4,3,2025,9.876,-2.691,0.000,-7.831,,2.236,150.559,280.546,,,,,1
4,4,2025,13.884,-0.266,0.000,-4.214,,3.167,339.206,253.492,,,,,1
4,5,2025,12.761,5.474,0.000,2.776,,3.143,13.862,162.791,,,,,1
4,6,2025,11.705,3.997,1.363,3.606,,5.802,119.649,204.471,,,,,1
4,7,2025,17.969,3.790,0.000,1.892,,6.167,146.134,271.115,,,,,1
4,8,2025,20.851,3.696,0.000,0.545,,2.481,164.003,270.504,,,,,1
4,9,2025,24.323,4.773,0.000,1.752,,1.853,326.239,272.697,,,,,1
4,10,2025,27.578,6.602,0.000,3.862,,2.952,351.396,275.009,,,,,1
4,11,2025,25.660,11.875,3.357,10.777,,4.771,15.464,224.246,,,,,1
4,12,2025,27.614,16.211,47.008,15.562,,3.917,359.834,158.159,,,,,1
4,13,2025,24.962,17.043,39.676,15.979,,3.139,83.071,181.088,,,,,1
4,14,2025,29.431,11.054,0.000,8.506,,2.805,27.874,278.697,,,,,1
4,15,2025,29.480,10.921,0.000,8.288,,2.223,345.978,246.501,,,,,1
4,16,2025,28.680,12.474,3.951,10.857,,2.817,290.958,221.810,,,,,1
4,17,2025,28.151,18.909,4.424,16.004,,5.264,353.422,204.355,,,,,1
4,18,2025,27.913,17.290,3.638,15.759,,4.707,18.718,196.655,,,,,1
4,19,2025,28.374,18.203,13.800,16.414,,3.990,33.000,193.393,,,,,1
4,20,2025,22.341,13.389,1.927,10.673,,5.124,169.157,266.419,,,,,1
4,21,2025,16.001,7.110,0.000,1.682,,4.755,167.493,325.339,,,,,1
4,22,2025,16.869,3.903,0.000,-0.294,,2.569,279.385,281.096,,,,,1
4,23,2025,15.951,4.851,14.088,6.080,,2.911,198.848,163.949,,,,,1
4,24,2025,23.611,4.775,0.000,3.336,,2.380,18.480,300.276,,,,,1
4,25,2025,25.099,9.124,0.000,8.488,,2.252,7.654,243.179,,,,,1
4,26,2025,19.941,9.143,12.765,8.949,,4.814,201.473,182.680,,,,,1
4,27,2025,21.570,5.554,0.000,4.314,,2.843,213.904,298.272,,,,,1
4,28,2025,25.128,8.119,0.453,7.679,,1.885,1.416,246.489,,,,,1
4,29,2025,26.290,11.950,0.541,11.774,,1.911,215.943,235.667,,,,,1
4,30,2025,21.722,13.455,10.575,13.820,,2.908,226.098,149.203,,,,,1
5,1,2025,25.088,12.236,133.339,10.013,,5.098,191.992,289.790,,,,,1
5,2,2025,20.917,8.588,0.000,7.635,,4.324,208.579,322.719,,,,,1
5,3,2025,21.722,15.308,8.500,10.378,,5.002,216.317,168.439,,,,,1
5,4,2025,19.662,12.259,0.000,10.763,,3.844,212.946,264.490,,,,,1
5,5,2025,21.278,7.772,0.000,7.714,,3.076,223.036,305.975,,,,,1
5,6,2025,22.672,8.656,0.000,8.065,,2.295,319.836,288.569,,,,,1
5,7,2025,23.801,10.321,0.000,10.063,,2.915,349.884,289.563,,,,,1
5,8,2025,24.868,12.192,2.244,12.942,,3.182,32.824,257.162,,,,,1
5,9,2025,24.793,15.089,1.555,14.935,,1.783,190.016,253.839,,,,,1
5,10,2025,24.594,10.229,0.000,8.047,,3.106,267.004,336.878,,,,,1
5,11,2025,25.947,12.545,0.358,13.017,,3.751,352.583,250.302,,,,,1
5,12,2025,26.189,18.491,6.445,17.162,,4.030,353.421,216.290,,,,,1
5,13,2025,23.293,18.856,0.000,17.320,,3.313,310.230,169.747,,,,,1
5,14,2025,26.595,13.749,11.985,18.067,,2.882,9.019,204.775,,,,,1
5,15,2025,27.713,13.585,6.683,17.204,,3.094,43.296,253.960,,,,,1
5,16,2025,28.906,19.130,16.122,19.422,,3.376,50.343,191.848,,,,,1
5,17,2025,24.922,18.066,1.085,17.911,,3.183,159.604,236.281,,,,,1
5,18,2025,24.437,12.786,0.000,11.674,,3.196,195.416,345.891,,,,,1
5,19,2025,27.534,10.603,0.000,10.905,,2.339,13.468,334.521,,,,,1
5,20,2025,27.613,19.210,0.422,17.647,,4.253,60.141,234.922,,,,,1
5,21,2025,27.918,20.094,0.000,18.378,,2.548,171.647,299.880,,,,,1
5,22,2025,26.863,19.552,22.461,18.454,,3.384,321.703,164.413,,,,,1
5,23,2025,24.348,15.952,24.585,15.831,,6.557,124.786,214.368,,,,,1
5,24,2025,21.012,7.994,0.000,8.634,,3.484,202.084,364.150,,,,,1
5,25,2025,25.529,9.133,0.000,8.848,,2.492,260.361,355.811,,,,,1
5,26,2025,26.498,10.826,0.000,9.138,,2.526,300.567,365.457,,,,,1
5,27,2025,28.623,10.672,0.000,8.956,,2.356,327.643,365.457,,,,,1
5,28,2025,30.654,12.404,0.000,10.214,,1.595,349.899,360.602,,,,,1
5,29,2025,31.427,16.355,0.000,14.030,,2.232,19.627,342.205,,,,,1
5,30,2025,31.120,15.432,0.000,14.340,,2.297,30.722,334.954,,,,,1
5,31,2025,30.821,17.093,0.000,17.456,,1.678,62.797,297.047,,,,,1
6,1,2025,31.449,17.263,0.000,18.627,,1.431,47.110,275.949,,,,,1
6,2,2025,31.333,16.608,2.919,18.630,,1.778,314.911,248.102,,,,,1
6,3,2025,30.368,19.596,4.089,20.172,,2.353,310.451,233.048,,,,,1
6,4,2025,30.306,20.091,2.124,20.383,,2.728,346.735,232.999,,,,,1
6,5,2025,30.541,18.547,0.000,19.674,,2.038,359.469,241.835,,,,,1
6,6,2025,33.195,18.204,8.436,19.241,,1.750,356.257,295.802,,,,,1
6,7,2025,33.298,19.793,0.000,18.722,,2.023,211.213,345.493,,,,,1
6,8,2025,28.747,14.846,0.000,12.908,,3.588,219.876,364.366,,,,,1
6,9,2025,27.756,10.664,0.000,9.702,,2.226,290.581,365.168,,,,,1
6,10,2025,30.527,12.068,0.000,11.534,,2.541,308.724,359.926,,,,,1
6,11,2025,29.754,19.143,34.313,21.048,,4.144,317.644,188.929,,,,,1
6,12,2025,28.818,20.308,33.494,21.571,,5.020,324.112,175.658,,,,,1
6,13,2025,29.168,22.000,20.690,22.701,,4.469,353.690,189.980,,,,,1
6,14,2025,29.832,21.929,3.072,22.266,,3.403,354.570,190.086,,,,,1
6,15,2025,29.185,20.340,0.522,21.742,,2.380,8.812,211.401,,,,,1
6,16,2025,29.770,20.161,2.038,21.217,,1.099,28.680,227.952,,,,,1
6,17,2025,31.139,19.208,3.724,20.754,,1.701,79.067,298.971,,,,,1
6,18,2025,32.284,19.702,0.000,20.209,,2.224,42.873,354.745,,,,,1
6,19,2025,32.314,20.528,1.108,21.052,,3.104,44.064,298.529,,,,,1
6,20,2025,31.220,22.586,5.647,22.431,,2.267,82.808,255.607,,,,,1
6,21,2025,31.271,19.473,3.662,20.336,,2.630,152.999,326.456,,,,,1
6,22,2025,30.647,20.635,9.849,20.688,,2.858,136.282,252.590,,,,,1
6,23,2025,27.665,15.770,0.000,16.915,,3.459,200.968,365.312,,,,,1
6,24,2025,28.943,14.154,0.000,14.676,,2.009,265.172,391.042,,,,,1
6,25,2025,30.318,15.620,0.438,16.543,,2.053,5.489,319.289,,,,,1
6,26,2025,30.586,20.008,0.411,20.975,,3.289,29.770,227.838,,,,,1
6,27,2025,32.264,21.715,0.288,21.227,,3.593,51.586,299.145,,,,,1
6,28,2025,31.929,21.272,0.420,20.295,,2.951,40.657,342.628,,,,,1
6,29,2025,31.233,20.128,0.000,19.853,,3.443,28.348,328.823,,,,,1
6,30,2025,31.141,19.380,0.000,20.798,,2.917,38.817,298.764,,,,,1
7,1,2025,32.054,20.160,0.000,20.833,,2.919,64.074,324.837,,,,,1
7,2,2025,31.483,20.945,0.000,21.428,,2.880,69.970,216.796,,,,,1
7,3,2025,31.976,22.208,0.573,22.245,,2.422,82.344,214.714,,,,,1
7,4,2025,31.831,21.632,7.153,22.819,,2.080,97.232,200.611,,,,,1
7,5,2025,32.608,20.989,2.601,21.230,,2.722,208.668,327.512,,,,,1
7,6,2025,31.621,17.684,0.000,17.900,,3.475,240.217,390.896,,,,,1
7,7,2025,31.463,18.025,0.000,17.798,,3.103,271.972,369.475,,,,,1
7,8,2025,32.131,18.500,3.553,19.425,,3.157,294.996,291.747,,,,,1
7,9,2025,31.487,19.933,5.020,21.493,,1.624,321.112,230.691,,,,,1
7,10,2025,33.422,18.775,2.595,20.010,,1.205,2.404,307.762,,,,,1
7,11,2025,32.715,19.610,5.592,20.641,,0.730,112.303,261.055,,,,,1
7,12,2025,32.038,21.713,2.743,21.716,,1.769,29.248,216.368,,,,,1
7,13,2025,30.504,20.356,7.523,21.907,,1.652,49.078,243.731,,,,,1
7,14,2025,31.250,20.758,9.159,21.922,,2.243,15.974,246.870,,,,,1
7,15,2025,31.742,21.708,3.160,22.021,,2.286,332.303,230.286,,,,,1
7,16,2025,29.750,20.485,3.312,22.157,,2.569,318.048,207.246,,,,,1
7,17,2025,30.948,20.761,0.000,21.610,,2.449,320.135,237.200,,,,,1
7,18,2025,30.029,18.289,0.557,21.096,,1.800,313.582,243.860,,,,,1
7,19,2025,29.976,17.700,0.000,21.178,,1.380,317.840,232.780,,,,,1
7,20,2025,31.331,17.799,0.000,21.122,,0.688,85.492,271.765,,,,,1
7,21,2025,33.249,20.358,0.346,21.171,,2.742,100.523,273.866,,,,,1
7,22,2025,35.173,23.786,0.453,20.734,,4.109,132.695,356.263,,,,,1
7,23,2025,34.576,18.289,2.573,18.625,,1.624,73.829,212.000,,,,,1
7,24,2025,34.775,23.548,0.000,21.676,,2.021,67.501,242.532,,,,,1
7,25,2025,35.505,22.746,0.000,21.367,,2.723,21.609,315.413,,,,,1
7,26,2025,38.130,25.120,0.000,20.648,,5.634,41.344,385.407,,,,,1
7,27,2025,39.263,25.439,0.000,18.638,,3.814,74.611,357.194,,,,,1
7,28,2025,36.985,23.947,0.000,17.464,,1.978,212.271,348.455,,,,,1
7,29,2025,37.165,23.428,0.000,19.048,,2.675,353.450,326.139,,,,,1
7,30,2025,35.701,25.580,0.547,21.665,,4.697,24.020,165.466,,,,,1
7,31,2025,38.782,26.519,0.000,18.731,,4.914,59.915,207.135,,,,,1
8,1,2025,37.377,26.217,0.000,19.011,,2.491,89.339,217.854,,,,,1
8,2,2025,38.336,23.230,19.859,19.913,,1.731,176.113,309.149,,,,,1
8,3,2025,32.080,22.277,48.924,22.599,,3.173,328.636,160.680,,,,,1
8,4,2025,31.067,21.948,26.861,23.543,,1.571,237.738,208.846,,,,,1
8,5,2025,33.231,16.890,0.000,19.364,,2.194,242.966,292.702,,,,,1
8,6,2025,34.390,15.477,0.000,14.228,,2.257,300.032,350.754,,,,,1
8,7,2025,34.919,18.846,0.000,18.718,,2.672,7.430,334.743,,,,,1
8,8,2025,34.849,21.859,0.000,19.991,,3.457,32.478,308.123,,,,,1
8,9,2025,35.150,22.065,0.000,20.109,,3.879,35.174,318.564,,,,,1
8,10,2025,34.948,22.935,0.000,20.426,,2.939,28.968,283.184,,,,,1
8,11,2025,34.471,22.480,0.000,20.248,,2.502,359.964,292.285,,,,,1
8,12,2025,34.721,22.503,0.000,20.253,,3.123,354.586,328.661,,,,,1
8,13,2025,34.468,22.667,0.000,20.524,,2.565,14.978,280.555,,,,,1
8,14,2025,35.759,23.323,0.000,19.949,,2.204,3.099,272.691,,,,,1
8,15,2025,35.966,23.084,0.000,20.871,,2.296,12.733,275.995,,,,,1
8,16,2025,35.776,24.906,10.688,22.319,,1.489,9.532,171.972,,,,,1
8,17,2025,34.436,22.391,3.664,22.290,,1.619,359.402,272.309,,,,,1
8,18,2025,34.959,21.283,0.409,19.628,,0.225,23.703,275.942,,,,,1
8,19,2025,34.656,20.071,0.000,19.383,,2.382,178.649,250.728,,,,,1
8,20,2025,35.031,21.313,0.380,19.567,,1.426,195.530,215.546,,,,,1
8,21,2025,33.447,21.799,1.788,20.192,,2.664,341.745,195.560,,,,,1
8,22,2025,30.385,21.921,2.869,21.025,,2.794,318.441,162.459,,,,,1
8,23,2025,28.667,21.754,0.958,21.832,,3.035,303.950,167.594,,,,,1
8,24,2025,27.171,20.585,1.511,21.736,,3.157,299.575,195.085,,,,,1
8,25,2025,28.929,17.925,2.752,20.770,,2.693,288.409,210.460,,,,,1
8,26,2025,29.447,17.915,0.772,20.667,,2.342,303.122,195.613,,,,,1
8,27,2025,31.565,18.873,0.788,20.341,,1.848,347.912,208.439,,,,,1
8,28,2025,32.724,20.454,0.365,21.079,,1.795,13.471,193.830,,,,,1
8,29,2025,31.916,20.888,0.597,20.763,,1.405,177.719,195.776,,,,,1
8,30,2025,32.527,20.168,0.332,19.305,,1.454,221.426,264.939,,,,,1
8,31,2025,32.106,21.369,0.000,19.868,,2.023,353.214,199.482,,,,,1
9,1,2025,30.086,21.356,0.303,21.055,,2.946,357.350,167.978,,,,,1
9,2,2025,32.493,21.250,5.537,21.262,,1.876,39.926,168.145,,,,,1
9,3,2025,30.341,21.238,0.000,21.656,,3.032,189.448,179.289,,,,,1
9,4,2025,31.465,16.834,0.314,16.429,,2.477,229.234,282.487,,,,,1
9,5,2025,30.942,16.073,2.062,17.541,,1.863,260.769,195.160,,,,,1
9,6,2025,30.406,16.473,7.779,19.550,,2.028,277.553,223.310,,,,,1
9,7,2025,29.265,17.065,0.000,20.127,,3.131,298.108,200.861,,,,,1
9,8,2025,29.113,16.388,0.313,18.697,,3.513,313.754,196.423,,,,,1
9,9,2025,30.103,16.697,2.285,17.788,,3.167,327.544,250.652,,,,,1
9,10,2025,30.193,21.023,17.729,20.443,,1.531,24.166,177.207,,,,,1
9,11,2025,30.682,19.528,30.612,21.706,,3.101,191.425,126.489,,,,,1
9,12,2025,27.962,14.775,0.657,19.828,,3.772,202.554,244.072,,,,,1
9,13,2025,25.952,13.396,5.672,19.674,,2.267,217.303,182.316,,,,,1
9,14,2025,29.648,14.082,0.000,18.285,,1.902,216.516,252.035,,,,,1
9,15,2025,31.357,15.018,0.000,17.178,,1.755,210.547,258.429,,,,,1
9,16,2025,31.717,17.023,0.000,17.729,,1.123,347.978,228.018,,,,,1
9,17,2025,30.755,20.951,21.221,20.430,,1.669,326.318,199.157,,,,,1
9,18,2025,29.805,17.580,0.000,20.344,,3.075,328.456,175.728,,,,,1
9,19,2025,29.788,16.354,0.000,18.802,,3.118,326.935,235.088,,,,,1
9,20,2025,30.461,15.475,0.000,17.520,,3.763,310.155,243.543,,,,,1
9,21,2025,30.094,15.849,0.000,19.117,,3.723,292.726,200.082,,,,,1
9,22,2025,25.272,18.648,5.609,21.960,,3.043,306.136,130.202,,,,,1
9,23,2025,29.545,20.172,2.714,21.728,,2.836,358.889,186.566,,,,,1
9,24,2025,31.293,20.693,0.000,20.682,,2.005,80.911,207.217,,,,,1
9,25,2025,32.813,21.581,0.859,20.458,,2.835,124.757,195.513,,,,,1
9,26,2025,31.891,23.268,4.206,22.145,,2.125,253.342,157.261,,,,,1
9,27,2025,30.995,22.822,16.025,22.859,,3.304,314.706,132.404,,,,,1
9,28,2025,29.415,21.130,0.000,21.335,,3.797,332.896,184.180,,,,,1
9,29,2025,30.727,18.123,0.000,18.721,,2.514,41.135,230.404,,,,,1
9,30,2025,28.419,22.665,0.000,16.516,,4.189,156.097,193.011,,,,,1
10,1,2025,23.517,10.159,0.000,3.668,,7.227,163.020,254.112,,,,,1
10,2,2025,18.843,6.092,0.000,4.536,,5.767,147.991,252.901,,,,,1
10,3,2025,22.385,3.987,0.000,-0.637,,3.546,154.842,250.978,,,,,1
10,4,2025,25.705,5.649,0.000,2.238,,1.773,238.514,246.270,,,,,1
10,5,2025,25.618,7.942,0.000,5.732,,1.913,316.153,241.576,,,,,1
10,6,2025,29.148,9.238,0.000,4.117,,1.495,72.569,239.359,,,,,1
10,7,2025,21.775,9.178,0.000,0.311,,6.342,187.889,240.529,,,,,1
10,8,2025,14.773,-1.100,0.000,-9.880,,2.849,244.440,249.921,,,,,1
10,9,2025,17.893,2.264,0.000,-3.213,,4.524,319.029,154.395,,,,,1
10,10,2025,23.191,6.743,0.000,6.066,,6.958,329.246,221.646,,,,,1
10,11,2025,25.601,12.727,0.000,13.508,,7.073,319.730,162.248,,,,,1
10,12,2025,25.492,18.577,36.579,17.644,,5.999,333.478,91.136,,,,,1
10,13,2025,27.069,17.859,3.814,19.155,,3.999,325.243,108.785,,,,,1
10,14,2025,27.087,18.059,1.748,18.551,,2.585,289.018,109.920,,,,,1
10,15,2025,27.444,16.352,0.339,17.550,,2.959,301.886,123.797,,,,,1
10,16,2025,28.152,16.775,0.000,17.002,,2.648,296.534,125.030,,,,,1
10,17,2025,27.789,16.334,4.742,17.201,,3.044,297.864,124.752,,,,,1
10,18,2025,27.278,19.107,12.761,18.659,,2.378,313.239,119.541,,,,,1
10,19,2025,27.825,16.378,2.912,17.729,,1.981,330.500,145.735,,,,,1
10,20,2025,28.116,17.390,1.291,17.786,,3.087,10.151,156.430,,,,,1
10,21,2025,26.923,17.020,0.000,17.325,,2.579,239.573,194.069,,,,,1
10,22,2025,29.716,18.877,14.305,17.703,,4.844,305.139,101.562,,,,,1
10,23,2025,25.876,17.320,12.874,19.230,,0.847,314.158,81.032,,,,,1
10,24,2025,19.834,6.199,0.000,4.067,,5.532,209.726,208.503,,,,,1
10,25,2025,19.541,3.362,0.000,2.096,,2.206,239.298,197.900,,,,,1
10,26,2025,21.624,7.792,0.000,6.550,,2.170,291.602,183.953,,,,,1
10,27,2025,22.869,8.187,0.000,8.926,,1.824,293.463,185.802,,,,,1
10,28,2025,25.497,9.057,0.000,7.676,,3.402,316.044,169.697,,,,,1
10,29,2025,24.871,13.375,0.298,11.219,,4.885,322.750,110.642,,,,,1
10,30,2025,21.663,11.755,39.883,14.504,,2.977,0.984,53.855,,,,,1
10,31,2025,19.042,5.515,2.032,5.236,,4.099,71.674,172.297,,,,,1
11,1,2025,18.699,7.882,0.576,4.190,,6.295,66.326,170.821,,,,,1
11,2,2025,17.875,5.494,0.000,0.452,,4.116,106.959,170.999,,,,,1
11,3,2025,18.184,3.968,0.000,1.834,,1.942,135.132,170.554,,,,,1
11,4,2025,19.269,7.497,0.000,5.824,,2.351,50.730,103.548,,,,,1
11,5,2025,16.082,4.201,0.000,4.431,,2.418,144.989,162.464,,,,,1
11,6,2025,9.705,0.471,0.292,3.720,,2.651,343.175,59.966,,,,,1
11,7,2025,13.190,3.111,0.000,4.847,,1.305,70.227,146.065,,,,,1
11,8,2025,25.199,7.452,2.743,10.441,,7.619,354.647,104.158,,,,,1
11,9,2025,20.669,5.882,6.985,7.021,,4.550,155.605,97.595,,,,,1
11,10,2025,8.640,-1.975,0.000,-5.854,,4.323,138.554,157.228,,,,,1
11,11,2025,10.389,-3.850,0.000,-7.010,,2.571,324.035,156.080,,,,,1
11,12,2025,14.539,-0.445,1.724,-3.172,,3.850,299.179,102.760,,,,,1
11,13,2025,20.416,8.312,15.902,12.883,,4.924,305.656,38.042,,,,,1
11,14,2025,23.696,17.770,10.666,17.545,,6.691,345.683,56.907,,,,,1
11,15,2025,25.106,12.061,6.006,13.016,,4.727,54.898,139.382,,,,,1
11,16,2025,25.089,7.090,0.000,4.557,,3.464,20.669,142.587,,,,,1
11,17,2025,26.917,12.652,0.000,12.871,,4.213,357.719,124.808,,,,,1
11,18,2025,22.919,14.801,12.823,16.753,,6.290,354.540,59.166,,,,,1
11,19,2025,22.518,9.646,0.792,5.687,,4.269,97.727,145.612,,,,,1
11,20,2025,21.787,4.220,0.000,2.961,,2.801,347.210,140.002,,,,,1
11,21,2025,21.577,6.965,0.000,6.302,,4.105,343.853,111.775,,,,,1
11,22,2025,18.543,9.396,4.588,11.136,,3.543,117.998,88.391,,,,,1
11,23,2025,12.499,-0.061,0.000,0.388,,3.553,202.429,138.830,,,,,1
11,24,2025,14.815,-0.896,0.000,-0.530,,2.511,301.731,132.219,,,,,1
11,25,2025,13.781,1.440,0.000,1.757,,2.922,308.821,68.577,,,,,1
11,26,2025,17.271,7.273,0.000,4.392,,2.709,290.255,95.302,,,,,1
11,27,2025,18.860,1.664,0.000,0.151,,2.929,294.742,133.897,,,,,1
11,28,2025,19.616,3.656,0.000,0.791,,4.331,322.907,134.850,,,,,1
11,29,2025,22.656,12.532,10.560,8.757,,4.197,13.391,47.406,,,,,1
11,30,2025,14.821,0.047,0.782,-6.008,,4.620,209.574,56.722,,,,,1
12,1,2025,10.623,-1.185,4.139,-5.229,,3.559,284.235,66.829,,,,,1
12,2,2025,19.236,6.003,13.795,9.658,,5.004,332.705,46.461,,,,,1
12,3,2025,25.594,16.291,9.712,14.548,,5.623,327.352,60.354,,,,,1
12,4,2025,25.551,16.286,14.908,16.718,,8.049,340.298,46.363,,,,,1
12,5,2025,23.436,10.378,4.145,8.421,,4.749,41.259,126.196,,,,,1
12,6,2025,11.305,3.563,0.000,2.302,,4.865,134.406,104.093,,,,,1
12,7,2025,12.145,-0.998,0.000,-2.281,,3.087,95.915,121.913,,,,,1
12,8,2025,10.808,2.997,0.000,1.971,,5.833,143.632,90.018,,,,,1
12,9,2025,15.200,-0.814,0.000,0.292,,2.185,54.406,126.277,,,,,1
12,10,2025,16.446,1.817,0.000,3.354,,1.264,274.602,120.087,,,,,1
12,11,2025,10.710,1.649,0.798,0.332,,3.718,251.821,46.466,,,,,1
12,12,2025,12.676,6.785,5.610,2.559,,3.964,271.238,56.402,,,,,1
12,13,2025,18.113,10.188,11.526,9.444,,3.038,328.580,46.656,,,,,1
12,14,2025,14.747,1.999,1.108,-0.049,,4.861,124.367,126.679,,,,,1
12,15,2025,9.465,-1.831,0.000,-1.138,,2.658,207.216,112.537,,,,,1
12,16,2025,8.777,2.396,0.535,0.595,,3.031,201.982,51.735,,,,,1
12,17,2025,9.208,-1.437,0.000,-0.337,,3.324,134.452,91.872,,,,,1
12,18,2025,5.618,-2.625,0.000,-5.686,,5.533,137.122,114.384,,,,,1
12,19,2025,6.095,-1.550,1.700,-3.871,,6.474,111.679,61.340,,,,,1
12,20,2025,2.840,-4.376,0.337,-7.907,,4.362,133.407,119.105,,,,,1
12,21,2025,16.089,-1.789,0.000,-3.535,,5.009,77.695,125.278,,,,,1
12,22,2025,15.424,3.002,0.000,1.131,,3.258,186.380,117.055,,,,,1
12,23,2025,13.669,1.197,0.000,1.501,,4.175,321.841,64.996,,,,,1
12,24,2025,15.873,8.503,3.759,3.552,,5.456,318.520,60.543,,,,,1
12,25,2025,14.814,9.070,29.994,11.942,,4.646,346.080,32.420,,,,,1
12,26,2025,18.034,9.118,8.484,12.556,,2.407,312.114,60.898,,,,,1
12,27,2025,21.244,20.685,63.072,14.297,,4.441,355.331,26.402,,,,,1
12,28,2025,18.880,8.407,7.186,6.229,,5.345,179.261,126.988,,,,,1
12,29,2025,15.428,0.165,0.000,-1.278,,5.559,347.395,125.966,,,,,1
12,30,2025,12.871,1.186,0.000,0.038,,5.536,128.177,124.272,,,,,1
12,31,2025,1.805,-3.063,0.000,-8.457,,5.741,143.202,102.297,,,,,1
