Reach_ID,Upstream_End_Row,Upstream_End_Column,Downstream_End_Row,Downstream_End_Column,Receiving_Reach,Drainage_Area_[ha],Average_Elevation_[m],Reach_Length_[m],Distance_Upstream_End_to_Outlet_[m],Distance_Downstream_End_to_Outlet_[m],Reach_Slope_[m/m],Contributing_Cell_ID_Source,Contributing_Cell_ID_Right,Contributing_Cell_ID_Left
1,1363,2105,1363,2105,1,29598.82,162.84,0.00,0.00,0.00,0.00014,0,0,0,
2,1442,2005,1363,2105,1,29598.82,162.84,1472.38,1472.38,0.00,0.00014,0,22,23,
3,1466,1983,1443,2004,2,12.91,163.00,342.84,1815.22,1472.37,0.00001,31,32,33,
4,1484,1954,1442,2004,2,29571.15,163.00,767.40,2239.77,1472.37,0.00001,0,42,43,
5,1553,1924,1485,1954,4,29428.92,163.10,939.12,3178.89,2239.77,0.00033,0,52,53,
6,1563,1918,1554,1923,5,121.82,163.39,141.42,3320.31,3178.89,0.00142,0,62,63,
7,1801,1928,1564,1919,6,73.27,164.05,2724.09,6044.40,3320.31,0.00052,71,72,73,
8,1628,1884,1564,1918,6,46.15,164.27,1032.25,4352.56,3320.31,0.00098,81,82,83,
9,1696,1865,1553,1923,5,29281.56,163.67,2306.93,5485.82,3178.89,0.00027,0,92,93,
10,1792,1900,1697,1865,9,28995.87,164.09,1192.25,6678.07,5485.82,0.00034,0,102,103,
11,1997,1857,1793,1901,10,28928.20,164.63,2553.80,9231.89,6678.09,0.00020,0,112,113,
12,2059,1825,1998,1857,11,42.24,165.34,823.26,10055.17,9231.91,0.00122,121,122,123,
13,2031,1788,1998,1856,11,28837.54,164.99,931.25,10163.16,9231.91,0.00033,0,132,133,
14,2095,1755,2032,1787,13,45.67,165.85,796.69,10959.86,10163.17,0.00114,141,142,143,
15,2032,1777,2031,1787,13,28769.34,165.10,122.43,10285.59,10163.16,0.00001,0,152,153,
16,2116,1594,2033,1776,15,22202.12,165.29,2599.77,12885.41,10285.64,0.00024,0,162,163,
17,2118,1572,2116,1593,16,131.49,165.70,253.14,13138.55,12885.42,0.00001,0,172,173,
18,2246,1515,2119,1571,17,96.47,171.03,2068.82,15207.41,13138.59,0.00508,181,182,183,
19,2131,1514,2118,1571,17,32.29,166.69,930.83,14069.40,13138.57,0.00237,191,192,193,
20,2090,1545,2115,1593,16,21991.33,165.71,634.26,13519.69,12885.42,0.00017,0,202,203,
21,2100,1511,2091,1544,20,1779.16,166.15,395.56,13915.26,13519.69,0.00203,0,212,213,
22,2139,1475,2101,1510,21,49.06,167.10,663.55,14578.82,13915.27,0.00287,221,222,223,
23,2076,1469,2100,1510,21,1722.92,166.92,555.98,14471.25,13915.26,0.00073,0,232,233,
24,2078,1447,2076,1468,23,1697.06,167.00,281.42,14752.67,14471.25,0.00001,0,242,243,
25,2100,1444,2079,1447,24,1254.58,167.00,232.43,14985.10,14752.68,0.00001,0,252,253,
26,2232,1438,2101,1444,25,61.40,174.03,1800.24,16785.37,14985.12,0.01350,261,262,263,
27,2121,1401,2101,1443,25,1192.15,167.40,756.98,15742.09,14985.11,0.00080,0,272,273,
28,2137,1358,2122,1400,27,126.99,168.79,708.41,16450.51,15742.11,0.00410,0,282,283,
29,2144,1367,2138,1358,28,72.22,170.50,124.85,16575.37,16450.51,0.00001,0,292,293,
30,2236,1374,2145,1368,29,56.12,179.05,1513.67,18089.07,16575.40,0.01474,301,302,303,
31,2167,1361,2145,1367,29,14.13,176.62,263.14,16838.51,16575.37,0.04598,311,312,313,
32,2187,1320,2136,1357,28,32.34,182.22,865.69,17316.21,16450.52,0.03281,321,322,323,
33,2099,1373,2121,1400,27,1054.20,167.81,382.84,16124.94,15742.10,0.00157,0,332,333,
34,2099,1310,2100,1372,33,1027.62,169.02,730.42,16855.37,16124.95,0.00151,0,342,343,
35,2161,1305,2100,1309,34,194.09,169.30,768.41,17623.79,16855.38,0.00001,0,352,353,
36,2187,1295,2162,1305,35,160.48,169.74,313.14,17936.94,17623.80,0.00287,0,362,363,
37,2212,1304,2188,1295,36,14.74,187.55,287.28,18224.22,17936.94,0.09782,371,372,373,
38,2213,1274,2188,1294,36,139.31,170.41,521.13,18458.07,17936.95,0.00135,0,382,383,
39,2239,1298,2214,1274,38,28.26,176.08,500.42,18958.50,18458.08,0.03018,391,392,393,
40,2241,1169,2214,1273,38,90.40,172.93,1484.39,19942.49,18458.11,0.00297,401,402,403,
41,2174,1286,2162,1304,35,13.35,170.90,275.56,17899.36,17623.80,0.00762,411,412,413,
42,2116,1206,2099,1309,34,825.96,171.51,1521.96,18377.36,16855.40,0.00336,0,422,423,
43,2153,1195,2117,1205,42,29.13,178.94,429.71,18807.08,18377.37,0.02211,431,432,433,
44,2108,1176,2116,1205,42,742.46,174.94,381.42,18758.79,18377.37,0.00342,0,442,443,
45,2231,1075,2108,1175,44,110.41,189.30,2081.66,20840.50,18758.83,0.01398,451,452,453,
46,2101,1167,2107,1175,44,621.26,176.03,124.85,18883.64,18758.79,0.00481,0,462,463,
47,2223,1017,2100,1166,46,98.60,194.45,2415.63,21299.33,18883.70,0.01478,471,472,473,
48,2060,1134,2100,1168,46,521.87,178.24,871.54,19755.21,18883.67,0.00460,0,482,483,
49,2063,1111,2060,1133,48,474.32,181.10,323.85,20079.06,19755.21,0.00556,0,492,493,
50,2076,1088,2064,1110,49,440.17,183.85,309.71,20388.77,20079.07,0.00969,0,502,503,
51,2208,970,2076,1087,50,96.27,199.83,2272.79,22661.61,20388.82,0.01369,511,512,513,
52,2076,1068,2075,1087,50,339.72,185.36,244.85,20633.63,20388.78,0.00246,0,522,523,
53,2076,1059,2076,1067,52,323.79,186.26,98.28,20731.92,20633.63,0.00916,0,532,533,
54,2095,1001,2077,1059,53,243.52,190.33,856.69,21588.62,20731.93,0.00794,0,542,543,
55,2142,971,2095,1002,54,26.32,202.62,677.70,22266.33,21588.63,0.02170,551,552,553,
56,2082,969,2095,1000,54,178.69,195.58,390.42,21979.04,21588.63,0.01332,0,562,563,
57,2116,942,2082,968,56,72.75,200.74,566.98,22546.04,21979.06,0.00970,0,572,573,
58,2159,913,2117,942,57,42.72,209.90,587.70,23133.74,22546.05,0.01906,581,582,583,
59,2132,912,2116,941,57,15.58,208.68,380.42,22926.46,22546.05,0.02129,591,592,593,
60,2074,940,2081,968,56,92.44,199.48,340.71,22319.76,21979.05,0.00764,0,602,603,
61,2144,870,2075,940,60,53.90,210.32,1080.24,23400.02,22319.78,0.01574,611,612,613,
62,2071,885,2074,939,60,29.50,209.02,645.27,22965.04,22319.77,0.01860,621,622,623,
63,2025,948,2075,1058,53,79.57,196.94,1431.96,22163.90,20731.94,0.01488,631,632,633,
64,2048,1061,2075,1068,52,12.73,191.87,343.14,20976.77,20633.63,0.02652,641,642,643,
65,2038,1093,2063,1110,49,22.13,186.70,359.71,20438.77,20079.07,0.02363,651,652,653,
66,2036,1123,2059,1134,48,15.81,186.32,299.71,20054.92,19755.21,0.03337,661,662,663,
67,2096,1344,2098,1372,33,14.58,168.95,412.13,16537.08,16124.95,0.00243,671,672,673,
68,2038,1344,2079,1446,24,440.61,168.33,1516.52,16269.21,14752.69,0.00139,0,682,683,
69,2024,1331,2037,1343,68,346.40,169.10,193.85,16463.06,16269.21,0.00001,0,692,693,
70,2056,1298,2024,1330,69,17.22,169.12,509.41,16972.47,16463.06,0.00020,701,702,703,
71,2032,1303,2023,1330,69,322.26,169.10,321.42,16784.48,16463.06,0.00001,0,712,713,
72,2036,1251,2033,1302,71,299.00,169.10,717.40,17501.90,16784.50,0.00001,0,722,723,
73,2061,1231,2037,1250,72,25.48,169.47,350.42,17852.32,17501.91,0.00513,731,732,733,
74,2017,1227,2036,1250,72,244.18,169.10,396.27,17898.18,17501.91,0.00001,0,742,743,
75,1977,1199,2016,1226,74,181.03,169.23,715.98,18614.18,17898.20,0.00084,0,752,753,
76,1974,1161,1977,1198,75,116.58,169.78,510.42,19124.60,18614.19,0.00060,0,762,763,
77,1989,1093,1973,1160,76,36.32,174.65,845.98,19970.60,19124.62,0.01702,771,772,773,
78,1933,1105,1973,1162,76,58.53,170.34,1299.53,20424.16,19124.63,0.00116,781,782,783,
79,1902,1164,1976,1198,75,48.13,169.70,1076.40,19690.60,18614.20,0.00001,791,792,793,
80,1952,1247,2017,1228,74,39.69,170.44,914.68,18812.88,17898.20,0.00350,801,802,803,
81,2017,1284,2032,1302,71,12.73,169.10,257.99,17042.48,16784.49,0.00001,811,812,813,
82,2011,1329,2037,1344,68,30.09,169.10,332.13,16601.35,16269.21,0.00001,821,822,823,
83,2047,1441,2075,1469,23,18.99,167.76,463.55,14934.81,14471.25,0.00195,831,832,833,
84,2077,1516,2090,1544,20,20190.41,165.80,343.85,13863.54,13519.69,0.00001,0,842,843,
85,1914,1258,2076,1516,84,20168.94,166.25,3714.16,17577.76,13863.60,0.00020,0,852,853,
86,1865,1150,1914,1257,85,9717.55,167.13,1605.81,19183.60,17577.79,0.00063,0,862,863,
87,1866,1116,1866,1149,86,9669.96,167.69,377.28,19560.89,19183.61,0.00080,0,872,873,
88,1883,1098,1866,1115,87,79.25,169.20,273.85,19834.74,19560.89,0.00950,0,882,883,
89,1958,1017,1884,1098,88,47.37,181.46,1350.54,21185.30,19834.76,0.02259,891,892,893,
90,1892,1042,1882,1097,88,29.87,171.60,808.41,20643.16,19834.75,0.00248,901,902,903,
91,1847,1084,1865,1115,87,9581.84,167.80,406.98,19967.88,19560.90,0.00001,0,912,913,
92,1822,1045,1847,1083,91,9460.27,167.86,631.13,20599.02,19967.89,0.00017,0,922,923,
93,1926,962,1822,1044,92,125.02,175.69,1969.83,22568.88,20599.06,0.01036,0,932,933,
94,1967,978,1927,963,93,31.73,196.59,504.56,23073.45,22568.89,0.02973,941,942,943,
95,1961,931,1927,962,93,18.59,202.96,525.27,23094.16,22568.89,0.03447,951,952,953,
96,1802,1012,1821,1044,92,9320.87,167.90,412.84,21011.87,20599.02,0.00025,0,962,963,
97,1831,955,1802,1011,96,46.42,171.62,833.55,21845.44,21011.88,0.00624,971,972,973,
98,1798,1008,1801,1011,96,9267.57,168.00,56.57,21068.44,21011.87,0.00001,0,982,983,
99,1786,948,1797,1007,98,8716.14,168.37,682.84,21751.29,21068.45,0.00103,0,992,993,
100,1798,936,1787,947,99,6005.00,168.76,181.42,21932.72,21751.29,0.00111,0,1002,1003,
101,1861,920,1798,937,100,36.45,173.20,1055.69,22988.42,21932.74,0.00541,1011,1012,1013,
102,1857,871,1799,935,100,5967.27,169.67,941.25,22873.99,21932.74,0.00150,0,1022,1023,
103,1930,889,1857,872,102,33.03,186.69,954.26,23828.27,22874.00,0.03636,1031,1032,1033,
104,1876,831,1858,870,102,5906.72,170.89,503.55,23377.55,22874.00,0.00179,0,1042,1043,
105,1918,834,1877,830,104,228.24,178.15,555.27,23932.83,23377.56,0.01657,0,1052,1053,
106,1943,852,1918,835,105,161.65,183.49,407.99,24340.83,23932.84,0.01740,0,1062,1063,
107,1980,904,1944,853,106,33.81,201.68,716.69,25057.53,24340.84,0.03265,1071,1072,1073,
108,1969,850,1944,852,106,121.18,190.91,293.14,24633.97,24340.83,0.02115,0,1082,1083,
109,2013,845,1970,850,108,100.46,198.89,685.98,25319.96,24633.98,0.01298,0,1092,1093,
110,2067,859,2013,846,109,62.45,206.92,603.85,25923.82,25319.98,0.01474,0,1102,1103,
111,2102,840,2068,860,110,16.88,214.95,460.42,26384.25,25923.84,0.01455,1111,1112,1113,
112,2083,836,2068,858,110,18.06,214.35,302.13,26225.96,25923.83,0.01489,1121,1122,1123,
113,2034,822,2014,844,109,16.87,206.48,346.27,25666.25,25319.97,0.01964,1131,1132,1133,
114,1987,829,1969,849,108,16.81,199.42,313.85,24947.82,24633.98,0.03218,1141,1142,1143,
115,2050,799,1919,834,105,38.54,203.51,1594.68,25527.54,23932.86,0.02208,1151,1152,1153,
116,1869,795,1875,830,104,5660.24,171.71,413.85,23791.41,23377.56,0.00170,0,1162,1163,
117,1915,802,1870,795,116,19.07,180.84,718.70,24510.12,23791.42,0.03103,1171,1172,1173,
118,1861,779,1869,794,116,5630.45,172.00,193.14,23984.54,23791.41,0.00053,0,1182,1183,
119,1897,716,1861,778,118,630.22,177.84,940.12,24924.69,23984.56,0.00841,0,1192,1193,
120,1899,714,1898,715,119,562.24,179.90,28.28,24952.97,24924.69,0.00001,0,1202,1203,
121,2036,779,1900,714,120,75.06,195.79,1961.66,26914.68,24953.01,0.01606,1211,1212,1213,
122,1999,710,1900,713,120,487.11,181.51,1447.11,26400.11,24953.00,0.00415,0,1222,1223,
123,2045,741,2000,711,122,30.21,196.95,711.84,27111.96,26400.12,0.02964,1231,1232,1233,
124,2004,685,2000,710,122,405.64,187.75,357.99,26758.11,26400.12,0.00922,0,1242,1243,
125,2047,678,2005,685,124,325.17,192.73,492.13,27250.25,26758.12,0.01260,0,1252,1253,
126,2088,702,2048,678,125,275.69,199.28,617.70,27867.95,27250.26,0.01085,0,1262,1263,
127,2109,753,2088,703,126,31.63,209.33,630.12,28498.09,27867.96,0.02365,1271,1272,1273,
128,2110,698,2089,702,126,230.56,203.32,236.57,28104.53,27867.96,0.00888,0,1282,1283,
129,2164,733,2111,699,128,184.18,207.39,724.98,28829.51,28104.54,0.00800,0,1292,1293,
130,2178,765,2164,734,129,87.93,211.99,386.27,29215.79,28829.52,0.00958,0,1302,1303,
131,2162,795,2179,766,130,56.48,218.63,386.27,29602.08,29215.80,0.01580,1311,1312,1313,
132,2211,770,2179,765,130,16.86,217.51,393.14,29608.94,29215.80,0.01831,1321,1322,1323,
133,2236,706,2165,733,129,67.94,215.67,845.98,29675.51,28829.53,0.01218,1331,1332,1333,
134,2167,678,2111,698,128,40.68,209.20,661.13,28765.66,28104.54,0.01543,1341,1342,1343,
135,2128,656,2048,677,125,39.58,204.30,940.12,28190.38,27250.26,0.01947,1351,1352,1353,
136,2077,622,2004,684,124,66.16,198.01,1204.68,27962.81,26758.13,0.01478,1361,1362,1363,
137,1911,647,1897,715,119,32.95,186.05,964.56,25889.27,24924.71,0.01597,1371,1372,1373,
138,1858,776,1860,778,118,4997.35,172.03,42.43,24026.97,23984.54,0.00236,0,1382,1383,
139,1831,747,1857,775,138,4822.55,172.31,401.84,24428.82,24026.98,0.00100,0,1392,1393,
140,1851,742,1831,746,139,88.95,173.09,238.28,24667.11,24428.82,0.00672,0,1402,1403,
141,1866,717,1852,741,140,16.84,174.39,317.99,24985.10,24667.11,0.00252,1411,1412,1413,
142,1819,711,1851,741,140,70.92,175.60,610.42,25277.54,24667.12,0.00279,0,1422,1423,
143,1834,677,1819,710,142,28.36,176.24,419.71,25697.25,25277.55,0.00167,1431,1432,1433,
144,1802,694,1818,711,142,22.87,176.01,263.85,25541.39,25277.54,0.00152,1441,1442,1443,
145,1795,706,1830,746,139,4730.86,172.70,559.12,24987.95,24428.83,0.00037,0,1452,1453,
146,1762,650,1795,705,145,4694.74,172.96,696.69,25684.65,24987.96,0.00058,0,1462,1463,
147,1780,639,1762,649,146,84.54,176.79,328.99,26013.65,25684.66,0.01277,0,1472,1473,
148,1901,613,1781,638,147,58.86,182.29,1734.68,27748.36,26013.68,0.00963,1481,1482,1483,
149,1785,619,1780,638,147,19.37,177.55,293.85,26307.51,26013.66,0.00171,1491,1492,1493,
150,1758,643,1761,649,146,4606.25,173.20,86.57,25771.22,25684.65,0.00116,0,1502,1503,
151,1803,578,1758,642,150,1504.74,174.58,912.55,26683.79,25771.24,0.00253,0,1512,1513,
152,1861,577,1804,579,151,1371.04,176.42,642.13,27325.93,26683.80,0.00281,0,1522,1523,
153,1891,580,1862,577,152,1335.50,177.57,320.71,27646.65,27325.94,0.00188,0,1532,1533,
154,1947,575,1892,581,153,652.31,179.41,720.12,28366.78,27646.66,0.00320,0,1542,1543,
155,1955,601,1947,576,154,49.06,182.68,301.42,28668.21,28366.79,0.01195,0,1552,1553,
156,1951,625,1955,602,155,16.34,188.39,273.14,28941.35,28668.21,0.03076,1561,1562,1563,
157,1983,608,1956,602,155,25.80,188.51,317.28,28985.49,28668.21,0.03057,1571,1572,1573,
158,1969,559,1948,574,154,580.64,180.92,292.13,28658.92,28366.79,0.00445,0,1582,1583,
159,1999,558,1970,559,158,548.93,182.32,337.28,28996.21,28658.93,0.00504,0,1592,1593,
160,2015,581,1999,559,159,15.53,188.61,333.85,29330.06,28996.21,0.04044,1601,1602,1603,
161,2071,549,2000,557,159,518.82,185.33,1003.97,30000.19,28996.22,0.00429,0,1612,1613,
162,2117,579,2072,550,161,196.10,190.73,786.69,30786.90,30000.21,0.00712,0,1622,1623,
163,2122,620,2117,580,162,23.33,199.80,508.70,31295.61,30786.91,0.02634,1631,1632,1633,
164,2172,586,2118,578,162,150.98,196.44,851.54,31638.46,30786.92,0.00811,0,1642,1643,
165,2185,611,2172,587,164,18.96,204.56,309.71,31948.17,31638.47,0.02648,1651,1652,1653,
166,2237,594,2173,586,164,88.81,209.00,699.71,32338.18,31638.48,0.02201,0,1662,1663,
167,2260,641,2238,594,166,33.41,217.37,647.70,32985.87,32338.18,0.01128,1671,1672,1673,
168,2258,566,2238,593,166,16.37,216.54,384.56,32722.75,32338.19,0.00573,1681,1682,1683,
169,2118,517,2072,548,161,276.99,190.09,665.98,30666.19,30000.21,0.00886,0,1692,1693,
170,2129,517,2119,518,169,220.11,194.26,126.57,30792.76,30666.19,0.00791,0,1702,1703,
171,2172,529,2130,517,170,24.55,205.16,572.84,31365.61,30792.77,0.02933,1711,1712,1713,
172,2195,480,2130,516,170,194.38,198.36,908.41,31701.19,30792.78,0.01355,0,1722,1723,
173,2218,481,2196,479,172,107.82,206.70,283.85,31985.04,31701.19,0.00001,0,1732,1733,
174,2236,524,2218,482,173,25.59,217.87,716.27,32701.33,31985.06,0.02039,1741,1742,1743,
175,2260,397,2219,481,173,74.89,210.81,1264.68,33249.70,31985.02,0.00878,1751,1752,1753,
176,2202,452,2195,479,172,53.18,207.05,331.42,32032.61,31701.19,0.00483,0,1762,1763,
177,2217,387,2202,451,176,26.91,221.09,760.42,32793.05,32032.63,0.02078,1771,1772,1773,
178,2189,423,2201,451,176,19.08,211.28,357.99,32390.61,32032.62,0.01760,1781,1782,1783,
179,2139,472,2119,517,169,24.25,203.61,562.84,31229.04,30666.20,0.03198,1791,1792,1793,
180,1979,544,1969,558,158,15.73,183.46,280.71,28939.63,28658.92,0.00927,1801,1802,1803,
181,1964,494,1892,580,153,677.56,185.41,2209.65,29856.34,27646.69,0.00666,0,1812,1813,
182,2025,469,1965,493,181,472.28,195.57,910.12,30766.48,29856.36,0.00649,0,1822,1823,
183,2181,378,2026,469,182,82.21,211.57,2179.36,32945.88,30766.52,0.01143,1831,1832,1833,
184,2078,413,2025,468,182,362.44,203.74,1013.26,31779.77,30766.51,0.01017,0,1842,1843,
185,2114,396,2079,414,184,27.86,212.89,461.13,32240.90,31779.77,0.01909,1851,1852,1853,
186,2120,337,2079,412,184,288.86,211.97,1024.68,32804.47,31779.79,0.00508,0,1862,1863,
187,2215,315,2121,337,186,148.66,218.32,1120.12,33924.51,32804.39,0.00849,0,1872,1873,
188,2248,257,2216,315,187,74.30,224.29,893.26,34817.70,33924.44,0.00348,1881,1882,1883,
189,2216,227,2216,314,187,25.86,226.29,1073.26,34997.68,33924.42,0.00466,1891,1892,1893,
190,2124,327,2119,336,186,91.84,216.78,144.85,32949.31,32804.46,0.03383,0,1902,1903,
191,2198,265,2125,327,190,36.74,223.65,1220.83,34170.05,32949.21,0.00729,1911,1912,1913,
192,2148,265,2123,326,190,53.48,221.92,892.55,33841.79,32949.25,0.00852,1921,1922,1923,
193,1955,426,1963,493,181,154.29,199.36,973.26,30829.62,29856.36,0.01398,0,1932,1933,
194,2004,381,1956,425,193,49.16,211.63,752.55,31582.19,30829.64,0.01329,1941,1942,1943,
195,1989,345,1954,425,193,56.91,212.74,1092.25,31921.90,30829.65,0.01126,1951,1952,1953,
196,1873,554,1861,576,152,19.67,183.98,353.85,27679.78,27325.94,0.04126,1961,1962,1963,
197,1835,499,1803,577,151,117.71,182.06,1082.55,27766.35,26683.80,0.01081,0,1972,1973,
198,1891,458,1836,498,197,37.24,196.30,842.55,28608.92,27766.37,0.02873,1981,1982,1983,
199,1863,428,1835,498,197,28.05,197.79,880.12,28646.49,27766.37,0.02477,1991,1992,1993,
200,1735,622,1757,642,150,3101.09,174.17,316.98,26088.21,25771.23,0.00411,0,2002,2003,
201,1689,565,1734,621,200,3076.58,174.67,780.54,26868.77,26088.23,0.00065,0,2012,2013,
202,1697,565,1690,565,201,187.23,176.15,80.00,26948.77,26868.77,0.01500,0,2022,2023,
203,1713,565,1698,565,202,139.64,176.53,160.00,27108.77,26948.77,0.00313,0,2032,2033,
204,1739,585,1713,566,203,16.03,177.46,389.71,27498.48,27108.78,0.00283,2041,2042,2043,
205,1726,557,1714,565,203,120.34,176.96,200.71,27309.48,27108.77,0.00200,0,2052,2053,
206,1749,548,1726,558,205,25.02,177.37,406.27,27715.76,27309.49,0.00099,2061,2062,2063,
207,1747,515,1727,558,205,84.05,177.46,624.56,27934.05,27309.49,0.00129,0,2072,2073,
208,1784,507,1748,514,207,24.05,180.02,549.41,28483.47,27934.06,0.00838,2081,2082,2083,
209,1805,468,1747,514,207,49.69,182.70,1732.67,29666.75,27934.08,0.00982,2091,2092,2093,
210,1691,480,1698,564,202,45.13,177.45,1122.96,28071.75,26948.79,0.00232,2101,2102,2103,
211,1688,564,1688,564,201,2882.99,175.00,14.14,26882.91,26868.77,0.00001,0,2112,0,
212,1671,522,1688,563,211,2845.26,175.37,490.42,27373.33,26882.92,0.00103,0,2122,2123,
213,1649,469,1670,521,212,2530.96,175.84,621.13,27994.47,27373.34,0.00081,0,2132,2133,
214,1650,468,1650,468,213,953.68,176.00,14.14,28008.61,27994.47,0.00001,0,2142,0,
215,1756,423,1651,467,214,864.73,178.63,1302.96,29311.60,28008.64,0.00354,0,2152,2153,
216,1791,428,1757,422,215,19.22,190.49,412.13,29723.74,29311.61,0.04319,2161,2162,2163,
217,1763,393,1756,422,215,834.95,182.35,359.71,29671.31,29311.61,0.00751,0,2172,2173,
218,1809,382,1764,393,217,291.07,184.75,637.70,30309.02,29671.32,0.00440,0,2182,2183,
219,1834,383,1809,381,218,21.07,190.71,313.14,30622.16,30309.03,0.02715,2191,2192,2193,
220,1857,328,1808,381,218,251.83,189.67,945.69,31254.73,30309.04,0.00709,0,2202,2203,
221,1899,353,1858,329,220,53.49,200.48,615.27,31870.01,31254.74,0.02325,2211,2212,2213,
222,1871,310,1858,327,220,161.94,193.92,317.99,31572.72,31254.73,0.00661,0,2222,2223,
223,1900,316,1872,310,222,20.05,198.70,347.99,31920.72,31572.73,0.02644,2231,2232,2233,
224,2114,262,1871,309,222,137.98,213.23,3082.79,34655.41,31572.62,0.00983,2241,2242,2243,
225,1838,250,1763,392,217,532.67,191.11,2558.06,32229.43,29671.37,0.00712,0,2252,2253,
226,1870,237,1839,251,225,399.20,202.85,424.56,32654.00,32229.44,0.00519,0,2262,2263,
227,1888,232,1871,237,226,291.43,204.66,208.99,32862.98,32653.99,0.01005,0,2272,2273,
228,1964,232,1889,233,227,250.00,208.68,851.13,33714.05,32862.92,0.00647,0,2282,2283,
229,2019,244,1965,232,228,23.05,217.10,632.84,34346.85,33714.01,0.01485,2291,2292,2293,
230,1999,212,1965,231,228,174.67,212.90,456.27,34170.29,33714.02,0.00724,0,2302,2303,
231,2036,212,2000,213,230,82.29,216.59,419.71,34589.97,34170.26,0.00810,0,2312,2313,
232,2087,223,2037,212,231,29.02,221.50,569.71,35159.65,34589.94,0.01089,2321,2322,2323,
233,2082,205,2037,211,231,46.23,220.83,505.56,35095.50,34589.94,0.00871,0,2332,2333,
234,2133,206,2083,205,233,22.71,225.40,561.42,35656.89,35095.47,0.00980,2341,2342,2343,
235,2102,178,2083,204,233,14.05,224.79,396.27,35491.75,35095.48,0.01010,2351,2352,2353,
236,2015,203,2000,212,230,61.55,215.66,203.14,34373.42,34170.28,0.00985,0,2362,2363,
237,2041,189,2016,203,236,41.91,218.38,343.85,34717.24,34373.39,0.00989,0,2372,2373,
238,2066,178,2042,189,237,13.83,222.40,295.56,35012.79,34717.23,0.01286,2381,2382,2383,
239,2054,155,2041,188,237,23.31,222.87,427.99,35145.21,34717.22,0.01355,2391,2392,2393,
240,2022,180,2015,202,236,16.79,219.30,264.85,34638.25,34373.40,0.01661,2401,2402,2403,
241,1962,160,1888,231,227,39.12,214.46,1151.96,34014.86,32862.90,0.01302,2411,2412,2413,
242,1929,151,1869,236,226,98.22,210.54,1287.82,33941.73,32653.91,0.01018,0,2422,2423,
243,1993,129,1930,151,242,29.67,220.09,786.69,34728.37,33941.68,0.00814,2431,2432,2433,
244,1962,118,1929,150,242,17.55,219.05,513.55,34455.25,33941.69,0.00876,2441,2442,2443,
245,1819,237,1839,249,225,22.00,206.25,335.56,32565.00,32229.44,0.02623,2451,2452,2453,
246,1662,397,1650,467,214,88.91,177.93,846.98,28855.61,28008.63,0.00272,0,2462,2463,
247,1699,391,1663,396,246,22.44,178.38,403.14,29258.76,28855.62,0.00050,2471,2472,2473,
248,1689,358,1662,396,246,28.71,179.10,716.99,29572.61,28855.63,0.00419,2481,2482,2483,
249,1620,406,1649,468,213,1565.49,176.56,758.41,28752.89,27994.48,0.00146,0,2492,2493,
250,1692,296,1620,405,249,112.20,180.38,2179.24,30932.17,28752.93,0.00464,0,2502,2503,
251,1735,293,1693,297,250,26.60,193.16,492.13,31424.31,30932.18,0.02683,2511,2512,2513,
252,1764,252,1692,295,250,36.37,199.49,1029.12,31961.31,30932.19,0.02196,2521,2522,2523,
253,1598,394,1619,405,249,1450.48,177.19,269.71,29022.60,28752.89,0.00038,0,2532,2533,
254,1585,323,1597,393,253,619.54,178.13,777.99,29800.60,29022.61,0.00194,0,2542,2543,
255,1591,323,1586,323,254,125.63,179.00,60.00,29860.60,29800.60,0.00500,0,2552,2553,
256,1599,323,1592,323,255,45.20,179.00,80.00,29940.60,29860.60,0.00001,0,2562,2563,
257,1645,311,1600,323,256,28.04,179.86,533.14,30473.75,29940.62,0.00563,2571,2572,2573,
258,1603,292,1599,322,256,15.74,179.39,344.14,30284.75,29940.61,0.00233,2581,2582,2583,
259,1585,280,1591,322,255,80.19,179.50,477.28,30337.89,29860.61,0.00231,0,2592,2593,
260,1678,259,1586,279,259,49.10,183.12,1607.11,31945.04,30337.93,0.00598,2601,2602,2603,
261,1629,232,1585,279,259,26.05,181.32,1091.13,31429.05,30337.92,0.00321,2611,2612,2613,
262,1583,322,1584,323,254,491.31,179.15,24.14,29824.74,29800.60,0.02069,0,2622,2623,
263,1584,213,1584,321,262,466.54,179.90,1127.28,30952.05,29824.77,0.00160,0,2632,2633,
264,1630,210,1585,213,263,102.52,182.86,726.99,31679.05,30952.07,0.00537,0,2642,2643,
265,1770,203,1631,210,264,51.35,196.51,1559.12,33238.16,31679.04,0.01617,2651,2652,2653,
266,1699,190,1631,209,264,31.29,191.01,919.12,32598.19,31679.07,0.01327,2661,2662,2663,
267,1735,117,1584,212,263,360.38,185.18,2239.95,33192.01,30952.06,0.00496,0,2672,2673,
268,1764,118,1736,117,267,229.99,192.26,318.99,33510.98,33191.99,0.00095,0,2682,2683,
269,1769,151,1764,119,268,22.81,199.04,373.14,33884.09,33510.96,0.03618,2691,2692,2693,
270,1792,119,1765,117,268,202.59,194.35,333.85,33844.81,33510.96,0.01019,0,2702,2703,
271,1880,126,1793,120,270,136.55,204.19,1102.55,34947.28,33844.73,0.01388,0,2712,2713,
272,1928,115,1881,126,271,36.14,215.18,582.13,35529.38,34947.25,0.01340,2721,2722,2723,
273,1977,83,1880,125,271,47.29,220.90,1380.24,36327.45,34947.20,0.01036,2731,2732,2733,
274,1894,57,1793,118,270,55.97,209.52,1386.10,35230.82,33844.72,0.01847,2741,2742,2743,
275,1810,70,1736,116,267,44.10,200.92,1158.82,34350.75,33191.93,0.01683,2751,2752,2753,
276,1575,241,1582,322,262,24.72,179.87,955.27,30780.04,29824.77,0.00168,2761,2762,2763,
277,1583,392,1597,395,253,815.35,177.35,166.57,29189.17,29022.60,0.00121,0,2772,2773,
278,1531,240,1583,391,277,249.08,179.33,2062.08,31251.29,29189.21,0.00146,0,2782,2783,
279,1546,240,1532,240,278,113.85,180.40,150.00,31401.30,31251.30,0.00001,0,2792,2793,
280,1602,130,1547,240,279,82.23,182.14,1579.41,32980.72,31401.31,0.00317,0,2802,2803,
281,1636,109,1603,129,280,37.55,188.77,472.84,33453.53,32980.69,0.01375,2811,2812,2813,
282,1587,110,1601,129,280,14.49,187.69,267.99,33248.70,32980.71,0.01530,2821,2822,2823,
283,1554,152,1546,239,279,28.06,181.22,918.99,32320.31,31401.32,0.00175,2831,2832,2833,
284,1537,186,1530,239,278,59.42,180.87,652.13,31903.44,31251.31,0.00154,2841,2842,2843,
285,1454,352,1582,391,277,565.71,177.62,1503.97,30693.17,29189.20,0.00021,0,2852,2853,
286,1443,337,1454,351,285,155.48,178.55,256.57,30949.74,30693.18,0.00351,0,2862,2863,
287,1485,261,1443,336,286,78.73,179.26,1117.99,32067.76,30949.77,0.00099,0,2872,2873,
288,1511,249,1486,260,287,18.11,179.86,390.71,32458.48,32067.77,0.00129,2881,2882,2883,
289,1456,158,1485,260,287,45.78,180.83,1253.97,33321.71,32067.74,0.00152,2891,2892,2893,
290,1424,307,1442,336,286,68.76,178.88,424.56,31374.31,30949.75,0.00095,0,2902,2903,
291,1465,262,1425,306,290,29.80,179.38,806.69,32181.02,31374.33,0.00100,2911,2912,2913,
292,1395,287,1423,306,290,17.19,179.19,378.70,31753.02,31374.32,0.00106,2921,2922,2923,
293,1434,348,1453,351,285,354.21,177.70,216.57,30909.74,30693.18,0.00001,0,2932,2933,
294,1343,296,1433,347,293,302.80,177.89,1147.82,32057.59,30909.77,0.00105,0,2942,2943,
295,1327,282,1342,296,294,235.38,179.13,241.42,32299.01,32057.59,0.00125,0,2952,2953,
296,1345,233,1328,281,295,217.03,179.54,828.41,33127.40,32299.00,0.00061,0,2962,2963,
297,1346,232,1346,232,296,177.46,179.70,14.14,33141.54,33127.40,0.00001,0,2972,0,
298,1416,193,1347,231,297,156.49,180.02,2042.96,35184.38,33141.41,0.00030,0,2982,2983,
299,1419,134,1416,192,298,36.62,181.16,683.85,35868.18,35184.34,0.00176,2991,2992,2993,
300,1409,188,1415,192,298,55.54,180.46,96.57,35280.94,35184.37,0.00415,0,3002,3003,
301,1404,138,1409,187,300,20.65,181.17,534.85,35815.76,35280.91,0.00132,3011,3012,3013,
302,1360,180,1408,187,300,34.00,181.01,616.27,35897.18,35280.90,0.00082,3021,3022,3023,
303,1319,191,1346,231,297,20.89,180.18,603.85,33745.35,33141.50,0.00133,3031,3032,3033,
304,1286,210,1345,232,296,28.06,179.78,711.13,33838.48,33127.35,0.00029,3041,3042,3043,
305,1315,259,1326,281,295,16.96,179.39,450.42,32749.44,32299.03,0.00089,3051,3052,3053,
306,1291,273,1342,297,294,29.45,179.22,717.70,32775.30,32057.61,0.00112,3061,3062,3063,
307,1379,336,1433,348,293,36.66,178.72,655.27,31565.03,30909.76,0.00169,3071,3072,3073,
308,1662,523,1670,522,212,312.15,176.40,94.14,27467.48,27373.33,0.00956,0,3082,3083,
309,1612,467,1662,522,308,105.13,177.28,1033.97,28501.46,27467.49,0.00098,0,3092,3093,
310,1509,401,1612,466,309,47.22,178.30,1875.10,30376.59,28501.50,0.00086,3101,3102,3103,
311,1585,435,1611,467,309,27.91,178.04,526.98,29028.46,28501.47,0.00266,3111,3112,3113,
312,1637,524,1661,523,308,206.79,176.89,254.14,27721.62,27467.48,0.00198,0,3122,3123,
313,1566,506,1636,523,312,138.40,176.99,807.99,28529.62,27721.63,0.00026,0,3132,3133,
314,1502,450,1565,505,313,56.94,178.16,1018.41,29548.05,28529.65,0.00168,3141,3142,3143,
315,1445,460,1565,507,313,57.51,177.97,1638.53,30168.18,28529.66,0.00074,3151,3152,3153,
316,1496,515,1636,525,312,61.91,177.72,1671.96,29393.62,27721.66,0.00079,3161,3162,3163,
317,1633,552,1687,565,211,37.71,177.62,649.41,27532.33,26882.92,0.00432,3171,3172,3173,
318,1698,600,1734,622,200,23.02,177.54,532.84,26621.06,26088.22,0.00601,3181,3182,3183,
319,1766,677,1794,706,145,21.28,176.47,512.13,25500.09,24987.96,0.00801,3191,3192,3193,
320,1823,788,1857,776,138,174.54,175.09,416.27,24443.26,24026.98,0.00745,0,3202,3203,
321,1578,613,1822,789,320,138.82,176.78,3417.88,27861.21,24443.33,0.00062,3211,3212,3213,
322,1778,772,1823,789,320,21.66,176.64,819.12,25262.39,24443.27,0.00184,3221,3222,3223,
323,1781,886,1786,947,99,2700.43,169.53,640.71,22392.02,21751.30,0.00204,0,3232,3233,
324,1778,883,1780,885,323,2507.60,170.00,42.43,22434.44,22392.02,0.00001,0,3242,3243,
325,1775,874,1778,882,324,71.38,171.83,110.71,22545.16,22434.45,0.01897,0,3252,3253,
326,1816,854,1774,873,325,27.91,173.67,924.98,23470.15,22545.18,0.00239,3261,3262,3263,
327,1783,839,1774,874,325,41.00,173.11,1007.40,23552.58,22545.18,0.00219,3271,3272,3273,
328,1606,773,1777,882,324,2435.95,170.41,2175.63,24610.12,22434.49,0.00056,0,3282,3283,
329,1606,769,1606,772,328,2261.95,171.70,40.00,24650.12,24610.12,0.01250,0,3292,3293,
330,1706,778,1607,769,329,182.41,174.13,1528.82,26178.98,24650.16,0.00177,0,3302,3303,
331,1724,714,1706,777,330,48.48,175.74,1092.55,27271.55,26179.00,0.00211,3311,3312,3313,
332,1627,665,1705,777,330,82.76,175.87,1827.94,28006.95,26179.01,0.00154,3321,3322,3323,
333,1606,757,1606,768,329,2079.42,171.70,120.00,24770.13,24650.13,0.00001,0,3332,3333,
334,1517,642,1607,756,333,1070.18,172.59,1908.11,26678.28,24770.17,0.00116,0,3342,3343,
335,1526,584,1517,641,334,57.63,176.59,1569.24,28247.54,26678.31,0.00256,3351,3352,3353,
336,1478,608,1516,641,334,963.11,173.93,536.69,27214.98,26678.29,0.00019,0,3362,3363,
337,1460,569,1478,607,336,30.62,176.38,506.98,27721.97,27214.99,0.00494,3371,3372,3373,
338,1396,510,1477,607,336,925.62,174.62,1348.94,28563.95,27215.00,0.00090,0,3382,3383,
339,1373,477,1396,509,338,325.36,177.26,467.70,29031.65,28563.95,0.00471,0,3392,3393,
340,1359,407,1372,476,339,230.60,177.76,786.27,29817.94,29031.66,0.00090,0,3402,3403,
341,1431,402,1359,406,340,54.60,178.78,1122.55,30940.50,29817.95,0.00161,3411,3412,3413,
342,1277,316,1358,406,340,152.13,178.29,1410.24,31228.20,29817.95,0.00036,0,3422,3423,
343,1235,230,1276,315,342,71.76,179.13,1141.25,32369.47,31228.22,0.00106,0,3432,3433,
344,1255,224,1235,229,343,15.10,179.80,261.42,32630.90,32369.48,0.00001,3441,3442,3443,
345,1235,210,1234,229,343,21.92,179.80,257.99,32627.47,32369.48,0.00001,3451,3452,3453,
346,1237,295,1276,316,342,24.06,178.84,486.98,31715.19,31228.21,0.00083,3461,3462,3463,
347,1255,348,1372,477,339,77.30,178.13,1985.22,31016.89,29031.68,0.00081,3471,3472,3473,
348,1198,200,1395,509,338,563.24,177.02,4170.01,32734.04,28564.02,0.00092,0,3482,3483,
349,1247,143,1199,199,348,490.12,179.02,831.54,33565.51,32733.96,0.00013,0,3492,3493,
350,1415,88,1248,142,349,212.57,180.22,2305.22,35870.57,33565.35,0.00079,0,3502,3503,
351,1507,90,1416,88,350,171.25,181.58,1025.27,36895.78,35870.51,0.00079,0,3512,3513,
352,1617,57,1508,90,351,105.41,183.97,1700.95,38596.65,36895.70,0.00312,0,3522,3523,
353,1643,72,1617,58,352,20.06,190.57,393.85,38990.47,38596.62,0.01803,3531,3532,3533,
354,1733,61,1618,57,352,51.35,194.33,1312.55,39909.12,38596.58,0.01341,3541,3542,3543,
355,1507,42,1508,89,351,49.82,182.79,568.70,37464.44,36895.74,0.00510,3551,3552,3553,
356,1437,90,1415,87,350,18.92,183.25,281.42,36151.97,35870.55,0.00924,3561,3562,3563,
357,1246,128,1247,142,349,256.06,179.57,154.14,33719.64,33565.50,0.00390,0,3572,3573,
358,1259,133,1247,128,357,199.23,181.03,158.99,33878.62,33719.62,0.00881,0,3582,3583,
359,1287,137,1260,134,358,15.04,181.10,304.85,34183.44,33878.59,0.00001,3591,3592,3593,
360,1269,114,1260,132,358,181.20,181.10,231.42,34110.02,33878.59,0.00001,0,3602,3603,
361,1287,109,1270,113,360,154.17,181.10,217.28,34327.28,34110.00,0.00001,0,3612,3613,
362,1374,60,1288,109,361,95.61,181.14,1203.26,35530.46,34327.21,0.00017,3621,3622,3623,
363,1260,52,1287,108,361,40.04,181.10,783.85,35111.07,34327.22,0.00001,3631,3632,3633,
364,1232,84,1269,113,360,22.15,181.13,622.55,34732.52,34109.97,0.00017,3641,3642,3643,
365,1199,49,1246,127,357,55.20,180.65,1077.40,34796.95,33719.55,0.00140,3651,3652,3653,
366,1190,179,1197,200,348,53.80,180.40,282.13,33016.14,32734.01,0.00497,0,3662,3663,
367,1198,143,1190,178,366,17.81,180.45,409.71,33425.81,33016.11,0.00074,3671,3672,3673,
368,1163,146,1189,178,366,30.27,180.47,571.13,33587.22,33016.09,0.00071,3681,3682,3683,
369,1600,752,1605,757,333,1008.65,174.15,80.71,24850.84,24770.13,0.03098,0,3692,3693,
370,1554,689,1600,751,369,29.94,174.68,1039.12,25889.98,24850.86,0.00078,3701,3702,3703,
371,1519,719,1599,752,369,976.86,174.76,1075.98,25926.84,24850.86,0.00094,0,3712,3713,
372,1495,688,1518,718,371,19.13,175.25,438.70,26365.55,25926.85,0.00024,3721,3722,3723,
373,1481,715,1518,719,371,937.19,175.20,413.14,26339.99,25926.85,0.00001,0,3732,3733,
374,1318,485,1480,714,373,432.77,176.57,4123.45,30463.50,26340.05,0.00061,0,3742,3743,
375,1222,361,1317,484,374,254.55,178.41,2127.94,32591.49,30463.55,0.00067,0,3752,3753,
376,1184,235,1222,360,375,43.37,179.50,1773.38,34364.73,32591.35,0.00040,3761,3762,3763,
377,1166,297,1221,360,375,160.50,179.44,1053.97,33645.38,32591.41,0.00058,0,3772,3773,
378,1162,256,1165,296,377,101.12,179.91,426.57,34071.91,33645.34,0.00071,0,3782,3783,
379,1147,154,1162,255,378,51.27,180.37,1175.27,35247.09,34071.82,0.00077,3791,3792,3793,
380,1078,219,1161,255,378,46.26,180.35,1009.83,35081.66,34071.84,0.00060,3801,3802,3803,
381,1113,256,1165,298,377,33.88,179.98,869.12,34514.42,33645.30,0.00081,3811,3812,3813,
382,1215,427,1317,485,374,72.65,178.17,1532.25,31995.79,30463.54,0.00073,3821,3822,3823,
383,1441,712,1480,716,373,498.14,175.20,534.85,26874.85,26340.00,0.00001,0,3832,3833,
384,1442,683,1441,711,383,475.16,175.20,294.14,27169.00,26874.86,0.00001,0,3842,3843,
385,1404,625,1442,682,384,265.22,175.92,1114.98,28283.99,27169.02,0.00090,0,3852,3853,
386,1351,588,1403,625,385,177.91,176.28,846.27,29130.28,28284.01,0.00072,0,3862,3863,
387,1341,556,1352,587,386,28.84,176.96,439.41,29569.70,29130.29,0.00069,3871,3872,3873,
388,1344,580,1350,587,386,131.88,176.80,108.99,29239.28,29130.29,0.00001,0,3882,3883,
389,1287,546,1343,579,388,106.92,176.80,748.41,29987.70,29239.29,0.00001,0,3892,3893,
390,1290,520,1287,545,389,29.76,177.33,353.85,30341.54,29987.70,0.00198,3901,3902,3903,
391,1272,545,1286,546,389,74.47,176.85,154.14,30141.84,29987.70,0.00065,0,3912,3913,
392,1257,513,1272,544,391,17.16,177.44,404.56,30546.40,30141.84,0.00174,3921,3922,3923,
393,1225,544,1271,545,391,56.85,177.06,498.99,30640.84,30141.84,0.00041,0,3932,3933,
394,1218,523,1224,543,393,11.06,177.40,275.56,30916.41,30640.84,0.00182,3941,3942,3943,
395,1192,547,1224,544,393,30.28,177.22,358.99,30999.84,30640.85,0.00112,3951,3952,3953,
396,1307,566,1343,580,388,24.57,177.17,442.13,29681.42,29239.29,0.00091,3961,3962,3963,
397,1295,593,1403,626,385,48.54,176.70,1679.53,29963.55,28284.02,0.00048,3971,3972,3973,
398,1367,664,1441,682,384,208.62,175.20,881.42,28050.44,27169.01,0.00001,0,3982,3983,
399,1284,658,1366,664,398,144.43,175.86,962.13,29012.58,28050.45,0.00115,0,3992,3993,
400,1284,649,1284,657,399,31.92,176.30,90.00,29102.59,29012.59,0.00001,0,4002,4003,
401,1287,623,1284,648,400,13.37,176.71,286.57,29389.16,29102.60,0.00245,4011,4012,4013,
402,1264,638,1283,649,400,18.35,176.45,263.14,29365.73,29102.59,0.00115,4021,4022,4023,
403,1194,598,1283,657,399,68.41,176.61,1376.40,30389.00,29012.60,0.00037,0,4032,4033,
404,1192,573,1195,597,403,23.30,177.21,299.71,30688.71,30389.00,0.00167,4041,4042,4043,
405,1175,610,1193,598,403,17.82,177.11,419.71,30808.71,30389.00,0.00096,4051,4052,4053,
406,1335,705,1367,665,398,37.74,176.22,835.27,28885.72,28050.45,0.00144,4061,4062,4063,
407,1403,703,1440,711,383,18.46,175.62,445.56,27320.42,26874.86,0.00135,4071,4072,4073,
408,1590,765,1605,773,328,134.11,172.68,193.14,24803.26,24610.13,0.01191,0,4082,4083,
409,1508,756,1590,764,408,28.14,174.15,1075.69,25878.97,24803.29,0.00103,4091,4092,4093,
410,1534,764,1589,765,408,105.22,173.50,564.14,25367.42,24803.28,0.00001,0,4102,4103,
411,1386,724,1533,763,410,56.62,174.76,1928.11,27295.57,25367.46,0.00120,4111,4112,4113,
412,1482,792,1533,765,410,39.49,175.20,900.83,26268.27,25367.44,0.00267,4121,4122,4123,
413,1682,842,1780,886,323,141.76,172.34,1300.54,23692.58,22392.04,0.00231,0,4132,4133,
414,1598,815,1681,841,413,34.15,173.79,988.41,24681.01,23692.60,0.00173,4141,4142,4143,
415,1587,837,1681,842,413,61.69,173.95,1145.69,24838.29,23692.61,0.00158,4151,4152,4153,
416,1746,983,1797,1008,98,551.01,171.55,771.84,21840.29,21068.45,0.00674,0,4162,4163,
417,1683,908,1746,982,416,46.27,174.32,1210.54,23050.85,21840.31,0.00141,4171,4172,4173,
418,1530,855,1745,983,416,486.42,174.70,2915.63,24755.98,21840.35,0.00066,0,4182,4183,
419,1455,816,1529,854,418,364.08,175.18,1080.83,25836.84,24756.01,0.00010,0,4192,4193,
420,1346,766,1455,815,419,289.52,175.54,1500.54,27337.41,25836.87,0.00047,0,4202,4203,
421,1334,757,1345,766,420,227.33,175.90,163.14,27500.55,27337.41,0.00001,0,4212,4213,
422,1266,710,1333,756,421,185.58,176.14,929.83,28430.39,27500.56,0.00033,0,4222,4223,
423,1243,702,1265,709,422,12.51,176.52,279.71,28710.10,28430.39,0.00179,4231,4232,4233,
424,1126,602,1265,711,422,145.35,176.73,2515.63,30946.06,28430.43,0.00029,0,4242,4243,
425,1097,578,1125,601,424,34.55,176.97,395.27,31341.34,30946.07,0.00026,4251,4252,4253,
426,1073,592,1125,602,424,31.19,177.03,801.13,31747.21,30946.08,0.00026,4261,4262,4263,
427,1250,739,1333,757,421,39.95,176.14,1027.70,28528.26,27500.56,0.00049,4271,4272,4273,
428,1324,772,1345,767,420,16.77,176.04,295.56,27632.97,27337.41,0.00068,4281,4282,4283,
429,1359,818,1454,816,419,43.51,175.63,1187.11,27023.97,25836.86,0.00068,4291,4292,4293,
430,1454,858,1529,855,418,34.83,175.53,928.41,25684.41,24756.00,0.00065,4301,4302,4303,
431,1694,997,1846,1084,91,108.39,171.96,2277.82,22245.74,19967.92,0.00273,4311,4312,4313,
432,1833,1121,1864,1149,86,23.85,170.84,657.70,19841.31,19183.62,0.00973,4321,4322,4323,
433,1875,1229,1913,1257,85,10339.65,166.75,550.12,18127.89,17577.77,0.00073,0,4332,4333,
434,1834,1178,1874,1228,433,100.06,167.54,1028.11,19156.03,18127.91,0.00088,0,4342,4343,
435,1775,1112,1833,1177,434,36.63,170.03,1053.26,20209.30,19156.04,0.00390,4351,4352,4353,
436,1790,1165,1833,1178,434,20.27,167.92,522.13,19678.17,19156.04,0.00135,4361,4362,4363,
437,1848,1220,1874,1229,433,10232.58,166.94,355.56,18483.46,18127.90,0.00029,0,4372,4373,
438,1814,1214,1847,1220,437,15.92,167.03,407.28,18890.75,18483.47,0.00123,4381,4382,4383,
439,1735,1190,1847,1221,437,10210.17,167.06,1471.25,19954.74,18483.50,0.00014,0,4392,4393,
440,1724,1120,1736,1189,439,10128.76,167.32,837.70,20792.45,19954.76,0.00025,0,4402,4403,
441,1700,1061,1724,1119,440,40.01,167.40,705.98,21498.45,20792.47,0.00001,4411,4412,4413,
442,1634,1010,1723,1119,440,10070.72,167.50,1616.22,22408.71,20792.48,0.00026,0,4422,4423,
443,1602,915,1633,1009,442,24.41,171.81,1260.95,23669.69,22408.73,0.00595,4431,4432,4433,
444,1570,947,1633,1010,442,10015.21,167.86,1059.53,23468.26,22408.73,0.00020,0,4442,4443,
445,1522,929,1569,946,444,172.60,168.36,636.99,24105.26,23468.27,0.00111,0,4452,4453,
446,1461,889,1522,928,445,100.00,175.10,1136.69,25241.97,24105.28,0.00608,0,4462,4463,
447,1440,873,1460,888,446,13.77,175.66,287.99,25529.97,25241.98,0.00070,4471,4472,4473,
448,1348,856,1460,889,446,62.50,175.96,1758.23,27000.24,25242.01,0.00035,4481,4482,4483,
449,1359,886,1521,929,445,65.51,169.66,2106.10,26211.41,24105.30,0.00267,4491,4492,4493,
450,1557,947,1569,948,444,9805.18,168.00,138.28,23606.55,23468.27,0.00001,0,4502,4503,
451,1518,941,1556,946,450,15.54,168.09,456.27,24062.83,23606.56,0.00023,4511,4512,4513,
452,1490,964,1556,948,450,9788.41,168.11,949.12,24555.69,23606.57,0.00022,0,4522,4523,
453,1385,956,1489,963,452,9744.63,168.38,1339.53,25895.25,24555.71,0.00023,0,4532,4533,
454,1353,945,1384,956,453,9692.18,168.58,410.42,26305.67,25895.26,0.00025,0,4542,4543,
455,1282,886,1352,944,454,9656.71,168.70,977.82,27283.50,26305.68,0.00011,0,4552,4553,
456,1296,871,1282,885,455,13.02,171.16,254.85,27538.36,27283.50,0.02315,4561,4562,4563,
457,1277,881,1281,885,455,9618.49,168.70,70.71,27354.21,27283.50,0.00001,0,4572,4573,
458,1252,832,1277,880,457,9596.50,169.13,638.41,27992.63,27354.22,0.00079,0,4582,4583,
459,1282,820,1253,831,458,30.34,173.67,488.70,28481.34,27992.64,0.01515,4591,4592,4593,
460,1210,786,1252,831,458,9556.32,169.30,717.40,28710.04,27992.64,0.00042,0,4602,4603,
461,1223,757,1211,785,460,14.26,171.12,363.85,29073.89,28710.05,0.01924,4611,4612,4613,
462,1160,751,1209,785,460,9529.90,169.58,711.84,29421.89,28710.06,0.00015,0,4622,4623,
463,1120,743,1159,751,462,223.01,169.60,533.55,29955.46,29421.91,0.00001,0,4632,4633,
464,1111,740,1119,742,463,124.84,169.60,102.43,30057.89,29955.46,0.00001,0,4642,4643,
465,1142,701,1110,739,464,41.79,174.25,865.27,30923.18,30057.91,0.00856,4651,4652,4653,
466,1102,743,1110,740,464,81.97,169.73,122.43,30180.32,30057.89,0.00326,0,4662,4663,
467,1061,713,1101,742,466,62.81,170.33,640.12,30820.45,30180.33,0.00094,0,4672,4673,
468,1060,679,1061,712,467,23.70,170.70,771.84,31592.31,30820.47,0.00027,4681,4682,4683,
469,1041,689,1060,712,467,18.94,170.82,436.98,31257.45,30820.46,0.00115,4691,4692,4693,
470,1071,749,1101,743,466,15.93,170.18,363.14,30543.46,30180.33,0.00083,4701,4702,4703,
471,1069,772,1120,744,463,84.58,170.12,932.55,30888.03,29955.48,0.00086,0,4712,4713,
472,1006,736,1068,771,471,37.73,170.58,1040.54,31928.59,30888.05,0.00030,4721,4722,4723,
473,1064,802,1068,772,471,24.25,170.40,449.41,31337.45,30888.04,0.00023,4731,4732,4733,
474,1128,785,1159,752,462,9275.26,169.60,484.26,29906.17,29421.90,0.00001,0,4742,4743,
475,994,806,1127,786,474,7525.79,169.76,1988.65,31894.86,29906.21,0.00021,0,4752,4753,
476,971,711,993,805,475,7425.46,170.22,1285.10,33179.94,31894.84,0.00032,0,4762,4763,
477,979,686,971,710,476,1797.52,170.45,283.14,33463.05,33179.91,0.00036,0,4772,4773,
478,1007,596,980,686,477,1589.08,170.65,1213.97,34676.93,33462.96,0.00017,0,4782,4783,
479,1095,645,1008,595,478,50.80,172.29,1489.65,36166.50,34676.85,0.00430,4791,4792,4793,
480,978,612,1007,595,478,1518.25,171.14,569.41,35246.31,34676.90,0.00089,0,4802,4803,
481,979,606,977,611,480,1458.85,171.20,72.43,35318.73,35246.31,0.00001,0,4812,4813,
482,1003,550,980,606,481,1128.39,171.25,721.84,36040.53,35318.70,0.00015,0,4822,4823,
483,1005,546,1003,549,482,1085.79,171.40,48.28,36088.82,36040.53,0.00207,0,4832,4833,
484,1083,531,1006,545,483,1065.67,174.64,1385.39,37474.11,36088.72,0.00405,0,4842,4843,
485,1143,418,1084,532,484,301.56,178.05,2327.40,39801.40,37474.00,0.00078,0,4852,4853,
486,1147,339,1144,417,485,47.13,179.17,1040.12,40841.50,39801.38,0.00058,4861,4862,4863,
487,1052,276,1143,417,485,181.40,179.64,2598.35,42399.63,39801.28,0.00051,0,4872,4873,
488,1090,284,1053,276,487,27.82,180.10,441.42,42841.01,42399.59,0.00001,4881,4882,4883,
489,1086,111,1053,275,487,91.43,180.93,3341.61,45741.01,42399.40,0.00046,4891,4892,4893,
490,1083,517,1084,530,484,741.80,177.09,148.28,37622.39,37474.11,0.00203,0,4902,4903,
491,1124,474,1084,516,490,28.17,177.62,820.42,38442.78,37622.36,0.00074,4911,4912,4913,
492,1084,500,1083,516,490,713.05,177.30,182.43,37804.80,37622.38,0.00001,0,4922,4923,
493,1084,456,1084,499,492,689.66,177.33,464.85,38269.65,37804.80,0.00022,0,4932,4933,
494,1099,424,1084,455,493,61.09,178.70,382.13,38651.77,38269.63,0.00471,0,4942,4943,
495,1082,372,1100,423,494,30.93,179.28,713.26,39364.98,38651.72,0.00015,4951,4952,4953,
496,1082,406,1099,423,494,14.56,179.20,262.13,38913.88,38651.74,0.00001,4961,4962,4963,
497,1035,448,1083,455,493,596.68,177.40,523.14,38792.76,38269.62,0.00001,0,4972,4973,
498,1009,431,1034,447,497,556.29,177.58,371.42,39164.16,38792.73,0.00054,0,4982,4983,
499,965,362,1008,430,498,521.84,177.81,1074.68,40238.80,39164.12,0.00047,0,4992,4993,
500,1041,363,965,361,499,35.91,179.12,943.55,41182.30,40238.75,0.00128,5001,5002,5003,
501,955,343,964,361,499,454.75,178.10,231.42,40470.22,40238.80,0.00001,0,5012,5013,
502,929,303,954,342,501,415.31,178.33,547.70,41017.88,40470.18,0.00092,0,5022,5023,
503,1002,307,929,302,502,218.95,178.82,857.70,41875.54,41017.85,0.00036,0,5032,5033,
504,1033,321,1003,308,503,24.68,178.99,393.85,42269.35,41875.50,0.00051,5041,5042,5043,
505,935,201,1003,307,503,168.98,179.92,1574.09,43449.50,41875.41,0.00083,0,5052,5053,
506,978,215,936,200,505,21.22,180.31,587.99,44037.45,43449.46,0.00052,5061,5062,5063,
507,717,78,934,200,505,98.26,180.21,2747.05,46196.36,43449.31,0.00019,5071,5072,5073,
508,920,294,928,302,502,175.71,178.66,138.99,41156.87,41017.87,0.00073,0,5082,5083,
509,784,164,920,293,508,111.93,179.08,2254.21,43410.93,41156.72,0.00027,5091,5092,5093,
510,830,242,919,293,508,58.94,178.81,1227.11,42383.90,41156.79,0.00042,5101,5102,5103,
511,903,352,954,343,501,34.70,178.52,758.70,41228.88,40470.18,0.00093,5111,5112,5113,
512,964,424,1008,431,498,22.56,177.70,509.71,39673.83,39164.12,0.00040,5121,5122,5123,
513,1013,466,1034,448,497,18.73,177.68,418.99,39211.73,38792.73,0.00096,5131,5132,5133,
514,1051,497,1083,499,492,18.02,177.30,342.43,38147.22,37804.80,0.00001,5141,5142,5143,
515,1001,508,1005,545,483,19.88,171.65,429.71,36518.50,36088.79,0.00094,5151,5152,5153,
516,977,501,1002,549,482,16.55,171.58,657.70,36698.19,36040.49,0.00062,5161,5162,5163,
517,981,600,979,605,481,328.08,171.20,68.28,35387.02,35318.73,0.00001,0,5172,5173,
518,977,573,981,599,517,19.91,171.24,311.42,35698.41,35386.99,0.00065,5181,5182,5183,
519,906,429,980,599,517,307.38,171.59,2369.36,37756.23,35386.87,0.00030,0,5192,5193,
520,774,226,907,428,519,170.05,178.05,3088.47,40844.59,37756.11,0.00227,0,5202,5203,
521,730,131,774,225,520,48.73,179.46,1199.53,42044.05,40844.52,0.00059,5211,5212,5213,
522,743,210,773,225,520,15.73,179.10,382.13,41226.70,40844.56,0.00079,5221,5222,5223,
523,809,354,905,428,519,65.51,172.14,1758.23,39514.38,37756.15,0.00080,5231,5232,5233,
524,953,621,977,612,480,45.63,171.20,309.71,35556.00,35246.29,0.00001,0,5242,5243,
525,941,591,952,620,524,14.94,171.20,349.71,35905.68,35555.98,0.00001,5251,5252,5253,
526,919,598,952,621,524,23.05,171.26,616.27,36172.24,35555.96,0.00033,5261,5262,5263,
527,911,644,979,685,477,205.36,170.76,1418.23,34881.18,33462.95,0.00029,0,5272,5273,
528,896,635,910,643,527,153.62,170.90,187.28,35068.45,34881.17,0.00001,0,5282,5283,
529,890,624,896,634,528,135.41,170.90,134.85,35203.30,35068.45,0.00001,0,5292,5293,
530,882,494,891,623,529,77.43,171.02,1531.54,36734.75,35203.21,0.00059,5301,5302,5303,
531,832,563,890,623,529,56.13,171.18,1238.11,36441.34,35203.23,0.00065,5311,5312,5313,
532,874,624,895,634,528,16.01,170.94,271.42,35339.86,35068.44,0.00074,5321,5322,5323,
533,858,644,910,644,527,18.08,171.08,624.56,35505.70,34881.14,0.00049,5331,5332,5333,
534,797,632,970,710,476,5589.18,170.67,2345.22,35525.00,33179.78,0.00026,0,5342,5343,
535,792,525,797,631,534,3777.68,171.14,1454.80,36979.71,35524.91,0.00015,0,5352,5353,
536,796,521,793,524,535,3054.94,171.38,56.57,37036.28,36979.71,0.00351,0,5362,5363,
537,805,512,797,520,536,3022.42,171.40,138.99,37175.26,37036.27,0.00001,0,5372,5373,
538,762,372,806,511,537,3007.42,171.63,2092.50,39267.65,37175.16,0.00020,0,5382,5383,
539,712,321,761,371,538,345.82,171.97,775.69,40043.30,39267.62,0.00052,0,5392,5393,
540,700,276,711,320,539,251.06,172.20,694.26,40737.56,40043.29,0.00001,0,5402,5403,
541,750,323,701,277,540,29.59,172.47,799.12,41536.64,40737.52,0.00038,5411,5412,5413,
542,703,248,701,276,540,207.87,172.42,371.42,41108.95,40737.52,0.00135,0,5422,5423,
543,759,263,704,248,542,52.03,174.29,1352.67,42461.53,41108.86,0.00156,5431,5432,5433,
544,668,188,703,247,542,153.22,172.76,907.40,42016.30,41108.90,0.00023,0,5442,5443,
545,707,212,668,187,544,36.07,174.09,605.98,42622.23,42016.25,0.00331,5451,5452,5453,
546,657,169,667,187,544,109.26,172.90,235.56,42251.84,42016.28,0.00001,0,5462,5463,
547,680,134,657,168,546,17.88,176.35,480.42,42732.22,42251.80,0.00916,5471,5472,5473,
548,632,128,656,169,546,89.29,173.05,519.41,42771.21,42251.80,0.00058,0,5482,5483,
549,640,115,633,127,548,45.68,173.86,188.99,42960.19,42771.19,0.00635,0,5492,5493,
550,684,106,641,115,549,21.82,176.96,627.99,43588.14,42960.16,0.00765,5501,5502,5503,
551,639,96,640,114,549,22.49,175.38,297.99,43258.16,42960.18,0.00906,5511,5512,5513,
552,605,53,631,127,548,34.16,173.77,1190.54,43961.66,42771.12,0.00253,5521,5522,5523,
553,630,164,711,321,539,84.16,172.63,2141.79,42184.98,40043.20,0.00038,0,5532,5533,
554,614,140,630,163,553,17.91,173.09,434.56,42619.51,42184.95,0.00047,5541,5542,5543,
555,590,114,629,163,553,15.78,173.09,738.41,42923.33,42184.92,0.00014,5551,5552,5553,
556,751,371,761,372,538,2600.24,171.80,130.71,39398.36,39267.64,0.00001,0,5562,5563,
557,679,309,750,370,556,2561.46,172.01,1177.82,40576.15,39398.33,0.00052,0,5572,5573,
558,624,253,678,308,557,2313.90,172.40,828.82,41404.93,40576.10,0.00001,0,5582,5583,
559,621,211,624,252,558,15.17,172.40,506.98,41911.88,41404.89,0.00020,5591,5592,5593,
560,609,215,623,252,558,2287.41,172.40,483.55,41888.45,41404.90,0.00001,0,5602,5603,
561,593,167,610,215,560,112.39,172.59,621.84,42510.23,41888.39,0.00049,0,5612,5613,
562,535,90,593,166,561,90.89,172.70,1128.82,43638.97,42510.14,0.00001,0,5622,5623,
563,551,48,535,89,562,30.15,172.87,575.98,44214.90,43638.92,0.00052,5631,5632,5633,
564,501,55,534,89,562,32.84,172.84,569.41,44208.34,43638.93,0.00036,5641,5642,5643,
565,569,143,592,166,561,11.74,172.70,374.56,42884.75,42510.20,0.00001,5651,5652,5653,
566,592,216,608,214,560,2168.10,172.59,227.28,42115.71,41888.43,0.00176,0,5662,5663,
567,567,171,591,215,566,19.61,172.80,559.41,42675.07,42115.66,0.00001,5671,5672,5673,
568,572,218,591,217,566,2145.99,172.98,684.26,42799.91,42115.64,0.00059,0,5682,5683,
569,483,102,572,217,568,131.33,173.57,1628.65,44428.44,42799.79,0.00044,0,5692,5693,
570,472,78,483,101,569,14.33,173.98,293.85,44722.28,44428.43,0.00103,5701,5702,5703,
571,391,46,482,103,569,63.06,174.49,1646.52,46074.87,44428.35,0.00310,5711,5712,5713,
572,492,193,571,217,568,2005.95,173.56,1171.25,43971.08,42799.83,0.00052,0,5722,5723,
573,481,169,491,192,572,1950.87,174.11,529.41,44500.45,43971.04,0.00076,0,5732,5733,
574,380,84,481,168,573,136.70,176.36,1729.95,46230.30,44500.35,0.00186,0,5742,5743,
575,328,31,379,83,574,34.57,178.27,1023.97,47254.20,46230.23,0.00176,5751,5752,5753,
576,287,42,379,84,574,73.26,178.89,1742.38,47972.57,46230.19,0.00139,5761,5762,5763,
577,356,148,480,168,573,1811.90,176.11,2438.65,46938.96,44500.31,0.00116,0,5772,5773,
578,269,94,355,147,577,374.40,177.87,1345.39,48284.26,46938.87,0.00105,0,5782,5783,
579,245,58,268,93,578,16.49,181.39,465.27,48749.50,48284.23,0.00753,5791,5792,5793,
580,224,88,268,95,578,319.56,179.09,597.70,48881.91,48284.22,0.00218,0,5802,5803,
581,216,58,223,87,580,22.05,181.95,333.14,49215.03,48881.89,0.00751,5811,5812,5813,
582,143,110,223,89,580,287.26,180.39,1129.83,50011.67,48881.84,0.00107,0,5822,5823,
583,130,119,142,110,582,121.82,180.94,184.85,50196.51,50011.66,0.00109,0,5832,5833,
584,117,118,129,119,583,98.38,181.51,142.43,50338.93,50196.50,0.00984,0,5842,5843,
585,117,64,116,117,584,22.05,188.74,589.71,50928.59,50338.88,0.01713,5851,5852,5853,
586,62,58,116,118,584,62.04,182.70,1204.97,51543.83,50338.85,0.00109,5861,5862,5863,
587,130,155,130,120,583,16.16,186.26,423.85,50620.32,50196.47,0.02006,5871,5872,5873,
588,69,189,143,111,582,121.56,187.67,2713.08,52724.60,50011.52,0.00447,5881,5882,5883,
589,342,153,355,149,577,1401.69,177.93,160.71,47099.66,46938.95,0.00623,0,5892,5893,
590,319,171,341,153,589,1282.49,178.21,327.99,47427.62,47099.64,0.00153,0,5902,5903,
591,311,180,318,171,590,269.60,179.34,128.99,47556.62,47427.62,0.00853,0,5912,5913,
592,269,138,310,180,591,20.87,180.82,707.70,48264.26,47556.57,0.00283,5921,5922,5923,
593,286,185,310,181,591,240.14,180.14,284.85,47841.45,47556.60,0.00281,0,5932,5933,
594,261,164,285,185,593,22.81,181.37,372.13,48213.55,47841.42,0.00323,5941,5942,5943,
595,281,213,286,186,593,209.34,180.84,323.14,48164.56,47841.43,0.00248,0,5952,5953,
596,242,198,280,213,595,95.68,181.57,468.70,48633.24,48164.54,0.00086,0,5962,5963,
597,217,135,243,197,596,40.80,181.74,898.41,49531.59,48633.18,0.00034,5971,5972,5973,
598,161,258,242,197,596,47.40,186.31,1234.68,49867.84,48633.16,0.01094,5981,5982,5983,
599,270,224,280,214,595,107.47,181.38,187.28,48351.83,48164.55,0.00161,0,5992,5993,
600,229,233,269,223,599,19.41,181.77,529.71,48881.50,48351.79,0.00095,6001,6002,6003,
601,260,238,269,224,599,75.90,181.52,258.99,48610.81,48351.82,0.00039,0,6012,6013,
602,249,252,260,239,601,43.59,181.90,254.85,48865.64,48610.79,0.00197,0,6022,6023,
603,209,269,248,253,602,18.82,184.10,506.98,49372.60,48865.61,0.01144,6031,6032,6033,
604,245,283,249,253,602,20.38,182.61,343.14,49208.75,48865.62,0.00321,6041,6042,6043,
605,275,296,261,238,601,28.70,182.49,749.41,49360.17,48610.76,0.00241,6051,6052,6053,
606,285,366,319,172,590,1006.09,181.30,2620.36,50047.82,47427.46,0.00192,0,6062,6063,
607,265,379,284,367,606,719.66,183.69,307.99,50355.79,50047.80,0.00228,0,6072,6073,
608,232,348,264,379,607,203.81,184.79,556.98,50912.73,50355.74,0.00162,0,6082,6083,
609,111,315,231,347,608,153.85,187.32,1454.97,52367.64,50912.67,0.00303,0,6092,6093,
610,65,314,110,314,609,31.68,191.19,522.13,52889.74,52367.61,0.00594,6101,6102,6103,
611,82,381,111,316,609,46.28,190.52,794.26,53161.86,52367.59,0.00265,6111,6112,6113,
612,168,369,231,348,608,31.10,190.39,735.27,51647.97,50912.70,0.01238,6121,6122,6123,
613,229,408,265,380,607,509.98,185.22,552.84,50908.59,50355.74,0.00290,0,6132,6133,
614,190,412,228,408,613,229.26,187.45,439.71,51348.27,50908.56,0.00819,0,6142,6143,
615,150,423,189,412,614,187.91,190.45,465.56,51813.82,51348.26,0.00452,0,6152,6153,
616,103,418,149,423,615,26.39,195.13,705.27,52519.05,51813.79,0.00823,6161,6162,6163,
617,88,542,149,424,615,137.00,195.94,1560.95,53374.70,51813.74,0.00475,0,6172,6173,
618,66,585,87,542,617,25.20,200.94,556.27,53930.93,53374.65,0.00899,6181,6182,6183,
619,116,588,88,543,617,36.06,200.01,610.12,53984.77,53374.65,0.00508,6191,6192,6193,
620,162,460,190,413,614,25.30,193.80,633.55,51981.80,51348.25,0.01373,6201,6202,6203,
621,160,615,230,409,613,260.70,193.11,2570.36,53478.83,50908.46,0.00697,0,6212,6213,
622,152,617,159,616,621,50.35,203.70,88.28,53567.11,53478.83,0.00001,0,6222,6223,
623,69,627,151,617,622,29.86,207.43,976.27,54543.30,53567.03,0.00697,6231,6232,6233,
624,116,657,151,618,622,20.06,207.18,610.12,54177.18,53567.05,0.01311,6241,6242,6243,
625,183,658,160,616,621,98.02,203.70,525.27,54004.05,53478.79,0.00001,0,6252,6253,
626,170,683,183,659,625,27.55,204.13,329.71,54333.74,54004.03,0.00516,6261,6262,6263,
627,225,657,184,658,625,34.25,204.99,516.27,54520.29,54004.02,0.00562,6271,6272,6273,
628,303,411,285,367,606,239.92,186.12,532.84,50580.62,50047.77,0.00695,0,6282,6283,
629,286,441,302,412,628,142.26,188.57,370.42,50951.02,50580.60,0.00675,0,6292,6293,
630,276,452,285,442,629,106.77,190.20,163.14,51114.14,50951.00,0.00491,0,6302,6303,
631,250,463,275,452,630,17.77,192.18,311.42,51425.54,51114.12,0.00964,6311,6312,6313,
632,270,469,275,453,630,86.40,191.26,194.85,51308.98,51114.13,0.00616,0,6322,6323,
633,199,582,269,470,632,64.14,197.71,1534.39,52843.30,51308.91,0.00821,6331,6332,6333,
634,265,526,271,470,632,19.95,195.61,691.13,52000.09,51308.96,0.01056,6341,6342,6343,
635,298,464,286,442,629,15.41,191.65,297.28,51248.28,50951.00,0.01110,6351,6352,6353,
636,308,417,304,412,628,70.70,187.88,80.71,50661.33,50580.62,0.01239,0,6362,6363,
637,329,467,308,418,636,40.37,190.46,643.55,51304.84,50661.29,0.00591,6371,6372,6373,
638,354,411,309,416,636,29.77,191.43,507.28,51168.57,50661.29,0.01065,6381,6382,6383,
639,349,171,343,154,589,118.47,178.88,233.85,47333.48,47099.64,0.00556,0,6392,6393,
640,329,271,349,172,639,35.61,180.90,1223.26,48556.67,47333.41,0.00238,6401,6402,6403,
641,338,328,350,172,639,81.04,181.13,2144.09,49477.45,47333.36,0.00169,6411,6412,6413,
642,404,172,491,193,572,42.97,176.77,1603.38,45574.37,43970.99,0.00356,6421,6422,6423,
643,590,270,678,309,557,233.05,172.44,1181.25,41757.33,40576.08,0.00018,0,6432,6433,
644,577,252,591,269,643,18.15,172.72,370.42,42127.71,41757.30,0.00109,6441,6442,6443,
645,502,256,589,269,643,182.65,173.77,1145.69,42902.91,41757.23,0.00385,0,6452,6453,
646,425,187,501,257,645,37.88,178.74,1227.11,44129.94,42902.84,0.00180,6461,6462,6463,
647,456,253,502,257,645,105.02,178.43,1307.82,44210.64,42902.82,0.00138,0,6472,6473,
648,431,238,455,252,647,32.80,178.88,349.71,44560.33,44210.62,0.00058,6481,6482,6483,
649,445,266,455,254,647,25.57,178.84,250.71,44461.33,44210.62,0.00041,6491,6492,6493,
650,680,352,750,372,556,37.07,171.93,926.69,40325.02,39398.33,0.00022,6501,6502,6503,
651,800,489,805,511,537,11.58,171.46,273.14,37448.38,37175.24,0.00220,6511,6512,6513,
652,766,435,796,520,536,32.25,171.56,990.12,38026.34,37036.22,0.00031,6521,6522,6523,
653,753,554,791,524,535,687.57,171.67,880.83,37860.48,36979.65,0.00058,0,6532,6533,
654,739,525,752,554,653,612.69,171.70,376.27,38236.75,37860.48,0.00001,0,6542,6543,
655,745,433,739,524,654,33.12,171.70,1066.69,39303.38,38236.69,0.00001,6551,6552,6553,
656,733,501,738,524,654,576.37,171.70,289.71,38526.45,38236.74,0.00001,0,6562,6563,
657,720,487,732,500,656,557.91,171.70,193.85,38720.29,38526.44,0.00001,0,6572,6573,
658,708,465,719,486,657,26.63,171.72,294.56,39014.82,38720.27,0.00034,6581,6582,6583,
659,696,489,719,487,657,522.60,171.70,264.85,38985.12,38720.27,0.00001,0,6592,6593,
660,633,458,695,489,659,32.17,171.76,764.26,39749.34,38985.07,0.00027,6601,6602,6603,
661,580,458,695,490,659,483.02,171.79,1522.38,40507.45,38985.07,0.00047,0,6612,6613,
662,582,447,580,457,661,272.51,172.40,118.28,40625.73,40507.45,0.00001,0,6622,6623,
663,612,419,583,447,662,145.70,172.40,427.70,41053.39,40625.69,0.00001,0,6632,6633,
664,631,418,613,419,663,42.23,172.40,194.14,41247.52,41053.38,0.00001,0,6642,6643,
665,675,429,632,418,664,22.17,172.40,518.70,41766.20,41247.50,0.00001,6651,6652,6653,
666,666,409,632,417,664,15.93,172.40,387.28,41634.80,41247.52,0.00001,6661,6662,6663,
667,627,365,613,418,663,99.31,172.40,1046.40,42099.73,41053.34,0.00001,0,6672,6673,
668,577,329,626,365,667,48.15,173.74,924.68,43024.33,42099.65,0.00682,6681,6682,6683,
669,617,380,626,366,667,17.89,172.40,257.28,42356.98,42099.70,0.00001,6691,6692,6693,
670,538,385,582,446,662,122.07,176.19,931.54,41557.23,40625.68,0.00666,0,6702,6703,
671,551,344,539,384,670,29.62,178.61,817.40,42374.55,41557.15,0.00013,6711,6712,6713,
672,500,356,537,384,670,43.71,178.77,589.41,42146.59,41557.18,0.00052,6721,6722,6723,
673,566,450,579,457,661,160.80,172.41,193.14,40700.58,40507.44,0.00052,0,6732,6733,
674,485,412,565,449,673,144.13,177.56,1029.83,41730.35,40700.52,0.00719,0,6742,6743,
675,402,305,485,411,674,51.08,180.76,1621.66,43351.89,41730.22,0.00099,6751,6752,6753,
676,394,342,484,411,674,62.07,181.13,1440.95,43171.18,41730.23,0.00167,6761,6762,6763,
677,547,466,565,450,673,12.47,176.56,293.85,40994.40,40700.55,0.03029,6771,6772,6773,
678,694,518,732,502,656,15.78,171.70,460.42,38986.84,38526.42,0.00001,6781,6782,6783,
679,688,547,752,555,653,57.53,171.73,806.69,38667.16,37860.46,0.00025,6791,6792,6793,
680,648,598,796,632,534,1746.46,171.72,2400.36,37925.22,35524.86,0.00067,0,6802,6803,
681,604,591,647,598,680,1536.42,173.22,575.27,38500.47,37925.20,0.00192,0,6812,6813,
682,585,548,604,590,681,30.31,178.30,542.84,39043.28,38500.44,0.01603,6821,6822,6823,
683,594,602,603,591,681,1478.01,173.99,168.99,38669.46,38500.46,0.00356,0,6832,6833,
684,586,606,593,602,683,1194.16,174.48,124.85,38794.30,38669.45,0.00241,0,6842,6843,
685,555,559,586,605,684,26.77,180.38,680.83,39475.09,38794.26,0.01924,6851,6852,6853,
686,510,592,585,606,684,1165.62,176.19,1082.25,39876.50,38794.25,0.00278,0,6862,6863,
687,498,547,509,592,686,430.05,179.34,598.70,40475.20,39876.50,0.00602,0,6872,6873,
688,496,538,498,546,687,364.78,181.59,112.43,40587.62,40475.19,0.00445,0,6882,6883,
689,525,532,497,537,688,24.68,184.81,370.42,40958.01,40587.59,0.01728,6891,6892,6893,
690,489,520,496,537,688,338.47,182.27,231.42,40819.03,40587.61,0.00476,0,6902,6903,
691,486,511,489,519,690,279.24,183.24,110.71,40929.73,40819.02,0.00543,0,6912,6913,
692,491,486,486,510,691,14.90,187.55,287.28,41216.98,40929.71,0.02159,6921,6922,6923,
693,459,484,485,510,691,260.89,184.55,442.84,41372.55,40929.71,0.00497,0,6932,6933,
694,443,475,458,484,693,68.79,186.52,231.42,41603.97,41372.55,0.00778,0,6942,6943,
695,383,431,443,474,694,45.25,191.15,951.54,42555.43,41603.89,0.00683,6951,6952,6953,
696,422,467,442,475,694,15.91,188.87,259.71,41863.65,41603.95,0.00963,6961,6962,6963,
697,448,492,458,485,693,181.06,185.92,143.14,41515.69,41372.55,0.00280,0,6972,6973,
698,395,475,447,491,697,24.12,190.05,616.98,42132.62,41515.63,0.01183,6981,6982,6983,
699,360,520,448,493,697,155.80,188.37,1100.83,42616.43,41515.60,0.00427,0,6992,6993,
700,253,616,359,519,699,73.60,198.64,1798.53,44414.81,42616.28,0.00884,7001,7002,7003,
701,316,579,359,521,699,39.40,194.57,795.69,43412.06,42616.37,0.01094,7011,7012,7013,
702,379,579,488,520,690,41.43,189.53,1496.10,42315.03,40818.93,0.00889,7021,7022,7023,
703,396,593,497,547,687,40.80,188.82,1253.97,41729.10,40475.13,0.01157,7031,7032,7033,
704,473,625,509,593,686,702.60,179.84,605.27,40481.77,39876.50,0.01818,0,7042,7043,
705,470,628,472,626,704,640.00,188.60,42.43,40524.19,40481.76,0.00001,0,7052,7053,
706,437,627,469,628,705,45.39,188.84,381.42,40905.59,40524.16,0.00394,0,7062,7063,
707,295,627,436,626,706,22.61,200.80,1492.13,42397.62,40905.48,0.01059,7071,7072,7073,
708,406,638,436,627,706,15.93,190.75,355.56,41261.13,40905.57,0.00591,7081,7082,7083,
709,443,657,469,629,705,593.96,188.60,413.55,40937.71,40524.16,0.00001,0,7092,7093,
710,349,653,442,657,709,36.25,192.81,1047.70,41985.36,40937.66,0.01184,7101,7102,7103,
711,433,682,442,658,709,550.17,188.60,327.99,41265.69,40937.70,0.00001,0,7112,7113,
712,386,734,432,683,711,417.60,188.73,775.69,42041.33,41265.64,0.00117,0,7122,7123,
713,343,701,385,733,712,82.82,195.65,601.84,42643.12,42041.28,0.01131,0,7132,7133,
714,311,685,342,700,713,16.87,198.60,392.13,43035.21,42643.08,0.01403,7141,7142,7143,
715,271,682,342,701,713,29.69,199.69,837.70,43480.75,42643.06,0.01051,7151,7152,7153,
716,350,781,385,735,712,312.10,191.46,747.40,42788.66,42041.26,0.00415,0,7162,7163,
717,331,786,349,781,716,242.86,193.49,233.14,43021.78,42788.64,0.00601,0,7172,7173,
718,307,783,330,786,717,201.46,194.84,291.42,43313.19,43021.77,0.00550,0,7182,7183,
719,158,727,306,782,718,180.16,201.30,1896.10,45209.16,43313.05,0.00570,0,7192,7193,
720,69,699,157,728,719,55.46,210.35,1044.97,46254.06,45209.09,0.00632,7201,7202,7203,
721,153,753,158,728,719,21.55,207.81,323.14,45532.28,45209.14,0.00681,7211,7212,7213,
722,284,801,306,784,718,16.80,198.87,310.42,43623.58,43313.16,0.02062,7221,7222,7223,
723,307,835,331,787,717,34.39,199.09,645.98,43667.72,43021.74,0.01471,7231,7232,7233,
724,375,834,350,782,716,35.79,198.99,738.41,43527.02,42788.62,0.01368,7241,7242,7243,
725,451,752,433,683,711,107.83,189.24,846.69,42112.33,41265.64,0.00284,0,7252,7253,
726,426,779,451,753,725,18.59,194.46,402.84,42515.13,42112.29,0.01614,7261,7262,7263,
727,436,822,452,753,725,56.48,196.79,888.41,43000.66,42112.25,0.01149,7271,7272,7273,
728,467,696,473,626,704,33.87,189.87,845.98,41327.70,40481.72,0.00485,7281,7282,7283,
729,600,622,594,603,683,281.09,175.80,255.56,38925.00,38669.44,0.01018,0,7292,7293,
730,486,744,599,623,729,79.21,189.58,2006.52,40931.44,38924.93,0.00878,7301,7302,7303,
731,589,667,601,623,729,198.90,186.20,551.13,39476.10,38924.97,0.01779,0,7312,7313,
732,574,726,589,668,731,104.80,186.70,754.98,40231.05,39476.07,0.00001,0,7322,7323,
733,550,783,574,727,732,44.94,191.45,754.26,40985.29,40231.02,0.01101,7331,7332,7333,
734,587,774,575,726,732,23.91,191.38,862.13,41093.14,40231.01,0.00835,7341,7342,7343,
735,602,680,590,668,731,50.18,186.70,207.28,39683.36,39476.08,0.00001,0,7352,7353,
736,613,743,603,681,735,24.82,190.19,820.83,40504.19,39683.36,0.00683,7361,7362,7363,
737,624,703,603,679,735,17.08,188.19,444.56,40127.91,39683.36,0.01080,7371,7372,7373,
738,685,641,648,599,680,136.12,185.47,733.55,38658.75,37925.20,0.02263,0,7382,7383,
739,675,721,685,642,738,44.88,189.38,952.55,39611.23,38658.69,0.00200,7391,7392,7393,
740,689,758,686,641,738,72.04,189.88,1805.81,40464.48,38658.68,0.00194,7401,7402,7403,
741,893,705,993,806,475,38.81,170.68,2050.36,33945.14,31894.78,0.00040,7411,7412,7413,
742,929,818,1128,786,474,1742.38,169.97,3352.62,33258.80,29906.19,0.00034,0,7422,7423,
743,914,784,928,817,742,1472.22,171.38,478.70,33737.47,33258.77,0.00210,0,7432,7433,
744,918,760,914,783,743,12.16,171.70,273.14,34010.58,33737.45,0.00001,7441,7442,7443,
745,905,774,913,783,743,1448.77,171.70,137.28,33874.74,33737.46,0.00001,0,7452,7453,
746,898,742,905,773,745,18.08,171.70,382.13,34256.84,33874.71,0.00001,7461,7462,7463,
748,875,765,904,774,745,1368.93,171.70,353.85,34228.55,33874.71,0.00001,0,7482,7483,
749,803,728,874,764,748,95.56,172.82,974.68,35203.18,34228.50,0.00503,0,7492,7493,
750,769,697,803,727,749,45.01,183.04,588.41,35791.55,35203.14,0.01123,7501,7502,7503,
751,762,742,802,728,749,23.42,180.00,492.84,35695.99,35203.15,0.01745,7511,7512,7513,
752,774,798,874,765,748,1269.72,173.12,1583.67,35812.14,34228.46,0.00196,0,7522,7523,
753,720,783,773,798,752,33.37,182.88,774.26,36586.36,35812.10,0.01421,7531,7532,7533,
754,780,854,773,799,752,1195.61,175.88,1155.39,36967.46,35812.07,0.00165,0,7542,7543,
755,774,880,779,855,754,1134.57,177.36,411.13,37378.56,36967.43,0.00220,0,7552,7553,
756,707,871,773,881,755,542.70,179.25,883.26,38261.78,37378.52,0.00295,0,7562,7563,
757,645,773,707,870,756,67.98,187.76,1337.82,39599.51,38261.70,0.00897,7571,7572,7573,
758,691,883,706,872,756,433.02,181.01,261.42,38523.19,38261.77,0.00421,0,7582,7583,
759,631,842,690,883,758,31.06,186.93,835.69,39358.82,38523.13,0.01173,7591,7592,7593,
760,638,911,691,884,758,396.89,183.11,856.69,39379.82,38523.13,0.00362,0,7602,7603,
761,624,895,637,910,760,200.79,185.34,223.85,39603.66,39379.81,0.00626,0,7612,7613,
762,582,820,624,894,761,35.48,192.10,1137.70,40741.32,39603.63,0.00800,7621,7622,7623,
763,569,885,623,895,761,161.87,189.02,611.42,40215.05,39603.63,0.00835,0,7632,7633,
764,555,879,568,885,763,104.80,191.31,164.85,40379.91,40215.06,0.01153,0,7642,7643,
765,538,871,554,878,764,85.00,192.80,211.42,40591.33,40379.91,0.00001,0,7652,7653,
766,479,864,537,870,765,38.10,195.52,652.13,41243.42,40591.29,0.00844,7661,7662,7663,
767,445,891,537,871,765,37.72,197.36,1054.26,41645.54,40591.28,0.00958,7671,7672,7673,
768,520,881,554,880,764,17.82,193.57,383.14,40763.04,40379.90,0.00705,7681,7682,7683,
769,516,908,568,886,763,26.11,194.05,653.55,40868.59,40215.04,0.01132,7691,7692,7693,
770,600,947,638,912,760,154.59,186.66,627.70,40007.49,39379.79,0.00749,0,7702,7703,
771,597,945,599,947,770,106.31,189.63,38.28,40045.77,40007.49,0.02090,0,7712,7713,
772,561,908,596,944,771,22.50,191.00,565.98,40611.75,40045.77,0.00566,7721,7722,7723,
773,506,961,596,946,771,83.72,193.11,1299.53,41345.27,40045.73,0.00770,7731,7732,7733,
774,600,982,600,948,770,17.86,192.30,366.57,40374.05,40007.48,0.01474,7741,7742,7743,
775,801,917,774,881,755,585.94,178.64,645.27,38023.79,37378.52,0.00264,0,7752,7753,
776,778,938,800,918,775,519.36,180.62,409.71,38433.48,38023.78,0.00538,0,7762,7763,
777,748,932,777,938,776,22.77,185.18,333.14,38766.61,38433.47,0.01921,7771,7772,7773,
778,772,961,778,939,776,482.67,182.83,268.99,38702.47,38433.47,0.00744,0,7782,7783,
779,767,975,771,962,778,262.34,183.82,160.71,38863.16,38702.45,0.00374,0,7792,7793,
780,722,981,766,975,779,32.12,188.25,483.14,39346.27,38863.14,0.01449,7801,7802,7803,
781,760,1001,767,976,779,228.31,184.87,288.99,39152.14,38863.14,0.00485,0,7812,7813,
782,716,1006,759,1001,781,20.10,190.19,477.28,39629.39,39152.11,0.01739,7821,7822,7823,
783,756,1019,760,1002,781,197.25,186.14,196.57,39348.70,39152.13,0.00509,0,7832,7833,
784,650,1049,755,1019,783,43.36,193.86,1251.54,40600.20,39348.66,0.00983,7841,7842,7843,
785,748,1075,756,1020,783,149.26,188.17,601.42,39950.09,39348.67,0.00599,0,7852,7853,
786,722,1098,747,1076,785,80.80,190.91,355.27,40305.35,39950.08,0.00423,0,7862,7863,
787,670,1065,721,1098,786,49.88,194.50,725.98,41031.30,40305.32,0.00799,7871,7872,7873,
788,741,1127,723,1099,786,16.57,194.52,380.42,40685.77,40305.35,0.01367,7881,7882,7883,
789,791,1128,748,1076,785,37.11,194.30,812.55,40762.62,39950.07,0.00862,7891,7892,7893,
790,810,1006,773,962,778,201.79,185.35,680.12,39382.55,38702.43,0.00544,0,7902,7903,
791,820,1042,810,1007,790,150.44,188.16,421.42,39803.94,39382.52,0.00499,0,7912,7913,
792,829,1114,820,1043,791,77.29,191.77,848.41,40652.33,39803.93,0.00684,0,7922,7923,
793,810,1164,829,1115,792,29.49,196.74,622.13,41274.43,40652.30,0.00531,7931,7932,7933,
794,843,1175,830,1115,792,20.68,197.19,738.70,41391.00,40652.30,0.00555,7941,7942,7943,
795,840,1072,821,1042,791,51.20,190.28,402.84,40206.77,39803.93,0.00596,0,7952,7953,
796,853,1129,840,1073,795,19.21,193.99,665.27,40872.02,40206.75,0.00707,7961,7962,7963,
797,859,1089,841,1073,795,18.21,192.57,272.13,40478.91,40206.77,0.00662,7971,7972,7973,
798,847,1025,811,1007,790,18.30,190.23,500.42,39882.93,39382.52,0.01059,7981,7982,7983,
799,842,936,802,918,775,42.43,184.08,508.70,38532.48,38023.78,0.01730,7991,7992,7993,
800,808,862,781,855,754,21.04,182.88,377.99,37345.43,36967.44,0.02593,8001,8002,8003,
801,846,817,904,775,745,53.88,174.39,1019.83,34894.49,33874.66,0.00883,8011,8012,8013,
802,918,892,928,818,742,170.75,174.62,1098.11,34356.83,33258.71,0.00747,0,8022,8023,
803,906,902,917,893,802,81.80,180.05,167.28,34524.10,34356.82,0.01256,0,8032,8033,
804,896,977,905,902,803,61.05,185.56,979.12,35503.16,34524.04,0.01022,8041,8042,8043,
805,917,938,906,903,803,17.68,186.17,413.85,34937.92,34524.07,0.01788,8051,8052,8053,
806,944,919,918,893,802,27.38,183.46,424.56,34781.36,34356.80,0.01578,8061,8062,8063,
807,1246,849,1276,880,457,21.67,169.03,489.41,27843.63,27354.22,0.00103,8071,8072,8073,
808,1292,932,1352,946,454,26.28,168.73,796.40,27102.08,26305.68,0.00051,8081,8082,8083,
809,1370,978,1384,957,453,16.38,168.65,489.41,26384.67,25895.26,0.00082,8091,8092,8093,
810,1432,981,1489,965,452,22.45,168.43,709.41,25265.11,24555.70,0.00057,8101,8102,8103,
811,1595,1006,1734,1189,439,46.59,167.74,2679.06,22633.86,19954.80,0.00031,8111,8112,8113,
812,2004,1461,2076,1517,84,17.41,166.01,1088.53,14952.09,13863.56,0.00028,8121,8122,8123,
813,2031,1745,2031,1776,15,6565.87,165.14,410.42,10696.01,10285.60,0.00025,0,8132,8133,
814,2051,1664,2031,1744,813,6526.45,165.33,948.41,11644.43,10696.03,0.00022,0,8142,8143,
815,2059,1653,2052,1663,814,6401.15,165.40,154.85,11799.29,11644.44,0.00001,0,8152,8153,
816,2071,1670,2060,1652,815,12.38,165.54,299.71,12099.00,11799.29,0.00134,8161,8162,8163,
817,2062,1591,2059,1652,815,6382.04,165.40,712.84,12512.15,11799.30,0.00001,0,8172,8173,
818,2056,1569,2062,1590,817,13.40,165.51,300.42,12812.57,12512.15,0.00166,8181,8182,8183,
819,2043,1574,2061,1591,817,6337.74,165.40,260.42,12772.57,12512.15,0.00001,0,8192,8193,
820,2031,1543,2042,1573,819,15.19,165.57,359.71,13132.28,12772.58,0.00083,8201,8202,8203,
821,2002,1574,2042,1574,819,6317.61,165.40,443.14,13215.71,12772.58,0.00001,0,8212,8213,
822,1975,1553,2001,1574,821,139.44,165.40,388.70,13604.42,13215.72,0.00001,0,8222,8223,
823,1992,1491,1974,1552,822,55.13,165.66,921.54,14525.98,13604.44,0.00076,8231,8232,8233,
824,1934,1440,1974,1553,822,71.96,166.00,2505.93,16110.38,13604.46,0.00041,8241,8242,8243,
825,1965,1591,2001,1575,821,6159.91,165.43,446.27,13661.99,13215.72,0.00022,0,8252,8253,
826,1874,1443,1964,1590,825,5240.35,165.57,2122.37,15784.40,13662.02,0.00006,0,8262,8263,
827,1875,1437,1875,1442,826,37.72,165.60,64.14,15848.54,15784.40,0.00001,0,8272,0,
828,1925,1415,1876,1437,827,21.06,166.21,733.97,16582.53,15848.56,0.00109,8281,8282,8283,
829,1896,1415,1875,1436,827,16.44,166.07,370.42,16218.96,15848.55,0.00162,8291,8292,8293,
830,1871,1426,1874,1442,826,5151.21,165.60,182.43,15966.83,15784.40,0.00001,0,8302,8303,
831,1902,1280,1872,1425,830,45.68,166.72,1973.09,17939.95,15966.87,0.00077,8311,8312,8313,
832,1870,1409,1871,1425,830,5099.65,165.60,174.14,16140.97,15966.83,0.00001,0,8322,8323,
833,1855,1346,1870,1408,832,4273.57,165.61,708.70,16849.68,16140.98,0.00014,0,8332,8333,
834,1858,1341,1855,1345,833,77.83,166.25,68.28,16917.97,16849.68,0.01026,0,8342,8343,
835,1884,1315,1859,1342,834,20.98,166.73,556.98,17474.96,16917.98,0.00091,8351,8352,8353,
836,1841,1285,1859,1341,834,56.27,166.63,804.98,17722.96,16917.99,0.00051,8361,8362,8363,
837,1826,1334,1854,1345,833,4175.34,166.31,416.27,17265.96,16849.69,0.00193,0,8372,8373,
838,1807,1295,1825,1333,837,23.91,166.70,480.42,17746.39,17265.98,0.00167,8381,8382,8383,
839,1745,1288,1825,1334,837,4131.80,167.09,1640.95,18906.96,17266.00,0.00050,0,8392,8393,
840,1740,1283,1744,1287,839,168.75,167.30,70.71,18977.67,18906.96,0.00001,0,8402,8403,
841,1727,1243,1739,1282,840,142.74,167.30,520.12,19497.79,18977.67,0.00001,0,8412,8413,
842,1697,1187,1727,1242,841,28.56,167.68,923.26,20421.07,19497.81,0.00098,8421,8422,8423,
843,1704,1247,1726,1243,841,97.29,167.30,287.99,19785.79,19497.80,0.00001,0,8432,8433,
844,1630,1276,1703,1248,843,45.58,167.38,938.11,20723.92,19785.80,0.00011,8441,8442,8443,
845,1621,1302,1704,1248,843,30.09,167.34,1138.82,20924.63,19785.81,0.00018,8451,8452,8453,
846,1642,1318,1739,1283,840,24.90,167.30,1221.96,20199.65,18977.69,0.00001,8461,8462,8463,
847,1614,1347,1744,1288,839,3909.23,167.36,1765.51,20672.49,18906.98,0.00023,0,8472,8473,
848,1608,1347,1613,1347,847,3782.45,167.70,68.28,20740.78,20672.49,0.00001,0,8482,8483,
849,1549,1316,1607,1347,848,3715.27,167.70,718.41,21459.20,20740.79,0.00001,0,8492,8493,
850,1551,1297,1550,1315,849,2824.91,167.77,206.57,21665.77,21459.20,0.00048,0,8502,8503,
851,1619,1220,1552,1296,850,117.14,167.80,1103.38,22769.17,21665.79,0.00001,0,8512,8513,
852,1660,1111,1620,1219,851,50.48,167.90,1332.96,24102.15,22769.18,0.00016,8521,8522,8523,
853,1626,1121,1619,1219,851,30.08,167.80,1154.98,23924.16,22769.18,0.00001,8531,8532,8533,
854,1546,1278,1551,1296,850,2706.51,167.80,210.71,21876.48,21665.77,0.00001,0,8542,8543,
855,1586,1200,1547,1277,854,32.76,167.84,1168.53,23045.03,21876.50,0.00009,8551,8552,8553,
856,1538,1258,1545,1277,854,2671.03,167.80,247.28,22123.77,21876.49,0.00001,0,8562,8563,
857,1537,1211,1539,1257,856,2606.91,167.82,579.41,22703.19,22123.78,0.00018,0,8572,8573,
858,1548,1196,1538,1210,857,1765.29,167.90,201.42,22904.61,22703.19,0.00001,0,8582,8583,
859,1591,1152,1549,1195,858,23.89,167.90,659.12,23563.74,22904.62,0.00001,8591,8592,8593,
860,1593,1085,1548,1195,858,1736.51,167.90,1374.39,24279.01,22904.62,0.00001,0,8602,8603,
861,1601,1061,1594,1084,860,23.93,167.90,281.42,24560.44,24279.01,0.00001,8611,8612,8613,
862,1557,1084,1592,1085,860,1661.64,168.10,380.71,24659.73,24279.02,0.00079,0,8622,8623,
863,1530,1061,1556,1083,862,26.47,168.46,434.56,25094.29,24659.73,0.00139,8631,8632,8633,
864,1456,1030,1556,1084,862,1603.17,168.20,2842.79,27502.57,24659.78,0.00001,0,8642,8643,
865,1406,1001,1455,1030,864,32.96,168.63,1022.55,28525.14,27502.59,0.00069,8651,8652,8653,
866,1351,1046,1456,1031,864,1485.43,168.21,1230.83,28733.43,27502.59,0.00001,0,8662,8663,
867,1321,1028,1350,1045,866,1431.71,168.21,380.42,29113.85,28733.43,0.00001,0,8672,8673,
868,1331,1001,1320,1027,867,29.36,168.68,470.42,29584.27,29113.86,0.00212,8681,8682,8683,
869,1295,1018,1320,1028,867,1398.10,168.21,307.28,29421.13,29113.85,0.00001,0,8692,8693,
870,1273,986,1294,1017,869,150.53,168.21,411.13,29832.27,29421.14,0.00001,0,8702,8703,
871,1303,983,1274,985,870,20.19,168.43,376.27,30208.55,29832.27,0.00184,8711,8712,8713,
872,1249,931,1273,985,870,120.91,168.91,810.83,30643.11,29832.28,0.00123,0,8722,8723,
873,1198,820,1249,930,872,24.65,169.62,1429.95,32073.09,30643.14,0.00078,8731,8732,8733,
874,1240,920,1248,931,872,66.77,169.20,173.14,30816.25,30643.12,0.00001,0,8742,8743,
875,1193,855,1239,919,874,33.53,169.45,953.97,31770.24,30816.27,0.00053,8751,8752,8753,
876,1221,894,1239,920,874,26.33,169.35,350.42,31166.68,30816.26,0.00143,8761,8762,8763,
877,1252,1022,1294,1018,869,1243.89,168.35,524.56,29945.70,29421.14,0.00209,0,8772,8773,
878,1216,1008,1251,1021,877,1055.81,169.30,476.98,30422.69,29945.71,0.00001,0,8782,8783,
879,1212,994,1215,1007,878,75.26,169.30,173.14,30595.83,30422.70,0.00001,0,8792,8793,
880,1176,904,1213,993,879,45.59,169.90,1351.96,31947.82,30595.86,0.00082,8801,8802,8803,
881,1167,976,1212,993,879,27.55,169.49,570.42,31166.26,30595.84,0.00106,8811,8812,8813,
882,1138,983,1215,1008,878,975.43,169.59,970.83,31393.54,30422.71,0.00083,0,8822,8823,
883,1119,922,1137,982,882,503.05,170.20,841.84,32235.40,31393.56,0.00072,0,8832,8833,
884,1115,918,1118,921,883,61.96,170.70,56.57,32291.97,32235.40,0.00001,0,8842,8843,
885,1149,831,1115,917,884,31.39,170.70,1101.54,33393.46,32291.91,0.00001,8851,8852,8853,
886,1088,908,1114,917,884,30.04,170.70,336.27,32628.25,32291.97,0.00001,8861,8862,8863,
887,1060,982,1118,922,883,413.65,171.89,1170.24,33405.59,32235.35,0.00325,0,8872,8873,
888,1009,973,1059,983,887,340.53,176.13,730.12,34135.64,33405.52,0.00480,0,8882,8883,
889,993,933,1008,972,888,59.97,182.01,659.41,34795.02,34135.61,0.01198,8891,8892,8893,
890,999,998,1008,973,888,243.23,179.43,387.99,34523.61,34135.62,0.00671,0,8902,8903,
891,960,1010,998,997,890,203.63,182.40,492.84,35016.41,34523.57,0.00711,0,8912,8913,
892,911,1041,959,1009,891,36.23,190.04,661.84,35678.21,35016.38,0.01420,8921,8922,8923,
893,953,1076,959,1011,891,146.04,187.96,839.12,35855.48,35016.37,0.00811,0,8932,8933,
894,917,1097,953,1077,893,91.94,192.28,464.56,36320.01,35855.45,0.00711,0,8942,8943,
895,867,1144,916,1097,894,21.00,195.79,854.26,37174.21,36319.95,0.00352,8951,8952,8953,
896,906,1119,916,1098,894,56.51,194.88,307.99,36627.98,36319.99,0.00487,0,8962,8963,
897,893,1169,906,1120,896,20.55,196.83,582.13,37210.07,36627.93,0.00413,8971,8972,8973,
898,905,1165,907,1120,896,27.31,196.57,607.99,37235.93,36627.94,0.00329,8981,8982,8983,
899,961,1114,954,1077,893,20.86,193.01,437.99,36293.44,35855.45,0.00868,8991,8992,8993,
900,1001,1035,998,999,890,33.30,186.03,458.70,34982.27,34523.57,0.01962,9001,9002,9003,
901,1045,1045,1060,983,887,32.71,183.66,787.70,34193.22,33405.52,0.01867,9011,9012,9013,
902,1129,982,1137,983,882,455.31,170.10,102.43,31495.97,31393.55,0.00001,0,9022,9023,
903,1083,1012,1128,982,902,23.71,175.97,711.13,32207.12,31495.99,0.02447,9031,9032,9033,
904,1113,1104,1128,983,902,430.28,173.53,1620.24,33116.20,31495.96,0.00408,0,9042,9043,
905,1089,1120,1112,1104,904,328.59,177.71,326.27,33442.45,33116.18,0.00552,0,9052,9053,
906,1080,1117,1088,1121,905,42.27,180.16,110.71,33553.15,33442.44,0.02259,0,9062,9063,
907,1050,1103,1079,1116,906,28.02,189.72,440.42,33993.53,33553.11,0.02226,9071,9072,9073,
908,1036,1119,1079,1117,906,13.27,190.70,506.27,34059.38,33553.11,0.02153,9081,9082,9083,
909,1051,1179,1089,1121,905,281.38,181.73,884.98,34327.35,33442.38,0.00645,0,9092,9093,
910,1039,1188,1050,1179,909,169.76,185.29,180.71,34508.05,34327.34,0.01107,0,9102,9103,
911,942,1177,1038,1187,910,52.58,193.83,1336.81,35844.77,34507.96,0.00838,9111,9112,9113,
912,1026,1197,1038,1189,910,113.54,186.92,173.14,34681.17,34508.04,0.00751,0,9122,9123,
913,971,1223,1025,1197,912,93.28,191.72,715.27,35396.39,34681.12,0.01049,0,9132,9133,
914,920,1228,971,1224,913,34.26,198.34,626.27,36022.63,35396.36,0.00910,9141,9142,9143,
915,974,1269,972,1224,913,32.78,197.30,522.13,35918.49,35396.36,0.00862,9151,9152,9153,
916,1015,1225,1026,1198,912,18.54,192.61,339.71,35020.85,34681.14,0.02208,9161,9162,9163,
917,1030,1262,1051,1180,909,58.19,192.01,1401.25,35728.51,34327.26,0.00892,9171,9172,9173,
918,1124,1146,1113,1105,904,58.26,181.98,538.70,33654.86,33116.16,0.01801,0,9182,9183,
919,1123,1170,1123,1147,918,14.49,188.60,268.99,33923.84,33654.84,0.01301,9191,9192,9193,
920,1137,1166,1125,1147,918,14.30,189.50,271.42,33926.26,33654.84,0.01621,9201,9202,9203,
921,1251,1023,1251,1023,877,177.29,169.30,14.14,29959.84,29945.70,0.00001,0,0,9213,
922,1183,1030,1250,1023,921,60.06,169.30,791.84,30751.69,29959.86,0.00001,0,9222,9223,
923,1161,1025,1182,1029,922,18.23,169.64,263.14,31014.84,30751.70,0.00342,9231,9232,9233,
924,1168,1097,1182,1030,922,30.42,177.55,884.26,31635.98,30751.71,0.01911,9241,9242,9243,
925,1250,1051,1250,1024,921,116.88,170.01,526.99,30486.83,29959.85,0.00627,0,9252,9253,
926,1189,1072,1249,1050,925,38.81,174.23,1106.69,31593.55,30486.86,0.00841,9261,9262,9263,
927,1226,1120,1250,1052,925,61.66,176.75,874.26,31361.12,30486.85,0.01647,0,9272,9273,
928,1193,1132,1225,1121,927,24.35,187.48,486.99,31848.12,31361.13,0.00411,9281,9282,9283,
929,1232,1148,1227,1121,927,19.20,187.00,368.70,31729.83,31361.13,0.00001,9291,9292,9293,
930,1290,1060,1350,1046,866,33.66,168.48,804.56,29538.00,28733.44,0.00137,9301,9302,9303,
931,1507,1179,1537,1210,857,826.71,167.98,496.98,23200.18,22703.20,0.00021,0,9312,9313,
932,1511,1171,1506,1178,931,15.48,168.00,321.42,23521.61,23200.19,0.00001,9321,9322,9323,
933,1477,1171,1506,1179,931,791.09,168.00,349.71,23549.89,23200.19,0.00001,0,9332,9333,
934,1489,1110,1478,1170,933,32.87,168.32,928.41,24478.30,23549.90,0.00065,9341,9342,9343,
935,1468,1159,1476,1170,933,737.17,168.00,168.99,23718.89,23549.89,0.00001,0,9352,9353,
936,1467,1146,1467,1158,935,139.03,168.02,134.14,23853.03,23718.89,0.00074,0,9362,9363,
937,1455,1116,1467,1145,936,26.09,168.42,361.42,24214.45,23853.03,0.00194,9371,9372,9373,
938,1434,1141,1466,1145,936,107.97,168.30,420.42,24273.45,23853.03,0.00072,0,9382,9383,
939,1419,1121,1433,1140,938,22.35,168.60,317.28,24590.73,24273.45,0.00127,9391,9392,9393,
940,1300,1094,1433,1141,938,81.89,168.95,1787.23,26060.70,24273.47,0.00079,9401,9402,9403,
941,1433,1159,1467,1159,935,596.51,168.22,366.57,24085.46,23718.89,0.00137,0,9412,9413,
942,1348,1151,1432,1159,941,559.67,168.57,930.42,25015.88,24085.47,0.00022,0,9422,9423,
943,1281,1137,1347,1150,942,35.62,176.14,1099.53,26115.43,25015.90,0.01737,9431,9432,9433,
944,1371,1199,1348,1152,942,491.45,170.01,650.83,25666.73,25015.89,0.00784,0,9442,9443,
945,1321,1202,1370,1199,944,459.64,173.80,570.42,26237.15,25666.74,0.00001,0,9452,9453,
946,1296,1181,1320,1202,945,21.26,177.74,360.42,26597.57,26237.16,0.01998,9461,9462,9463,
947,1300,1220,1320,1203,945,405.87,174.15,356.27,26593.43,26237.16,0.00253,0,9472,9473,
948,1256,1224,1299,1220,947,368.15,178.10,556.98,27150.43,26593.45,0.01096,0,9482,9483,
949,1185,1229,1255,1224,948,308.61,180.83,827.70,27978.14,27150.45,0.00025,0,9492,9493,
950,1064,1297,1184,1228,949,85.90,190.00,2065.81,30043.98,27978.18,0.00760,9501,9502,9503,
951,1158,1318,1184,1229,949,176.92,184.93,1063.26,29041.42,27978.16,0.00697,0,9512,9513,
952,1135,1302,1157,1318,951,31.60,190.35,319.71,29361.13,29041.43,0.00751,9521,9522,9523,
953,1154,1327,1159,1319,951,82.04,189.13,134.85,29176.27,29041.42,0.00816,0,9532,9533,
954,1070,1344,1153,1326,953,60.83,192.69,974.26,30150.56,29176.29,0.00657,9541,9542,9543,
955,1147,1359,1153,1328,953,17.28,191.77,371.42,29547.71,29176.28,0.01104,9551,9552,9553,
956,1254,1250,1256,1225,948,13.01,181.67,293.14,27443.57,27150.44,0.00819,9561,9562,9563,
957,1303,1247,1300,1221,947,22.45,180.05,354.56,26948.00,26593.44,0.03300,9571,9572,9573,
958,1385,1238,1372,1200,944,14.86,178.81,447.99,26114.72,25666.73,0.02232,9581,9582,9583,
959,1412,1212,1433,1160,941,33.19,171.57,719.41,24804.88,24085.46,0.01307,9591,9592,9593,
960,1469,1232,1538,1257,856,60.38,168.07,1011.25,23135.04,22123.79,0.00040,9601,9602,9603,
961,1542,1309,1548,1315,849,874.63,167.70,98.99,21558.19,21459.20,0.00001,0,9612,9613,
962,1540,1305,1542,1308,961,827.11,167.70,48.28,21606.48,21558.19,0.00001,0,9622,9623,
963,1461,1313,1540,1304,962,798.08,168.34,1441.96,23048.46,21606.51,0.00132,0,9632,9633,
964,1417,1276,1460,1312,963,24.26,177.58,757.70,23806.17,23048.47,0.02033,9641,9642,9643,
965,1450,1326,1460,1314,963,739.89,173.54,181.42,23229.89,23048.47,0.05127,0,9652,9653,
966,1424,1324,1449,1326,965,680.60,178.90,276.57,23506.46,23229.89,0.00001,0,9662,9663,
967,1344,1317,1423,1323,966,352.26,178.90,911.84,24418.30,23506.46,0.00001,0,9672,9673,
968,1302,1298,1343,1317,967,24.90,182.45,521.13,24939.44,24418.31,0.01957,9681,9682,9683,
969,1267,1360,1344,1318,967,284.27,180.45,1053.97,25472.29,24418.32,0.00408,0,9692,9693,
970,1231,1361,1266,1360,969,149.23,184.66,422.13,25894.42,25472.29,0.00759,0,9702,9703,
971,1218,1319,1231,1360,970,21.49,190.27,549.41,26443.84,25894.43,0.01147,9711,9712,9713,
972,1222,1368,1230,1362,970,114.19,186.79,124.85,26019.28,25894.43,0.00401,0,9722,9723,
973,1165,1403,1221,1368,972,74.26,189.63,740.83,26760.12,26019.29,0.00810,9731,9732,9733,
974,1211,1426,1222,1369,972,36.22,190.65,715.27,26734.56,26019.29,0.00951,9741,9742,9743,
975,1246,1456,1266,1361,969,76.48,189.74,1170.83,26643.14,25472.31,0.00999,9751,9752,9753,
976,1400,1386,1423,1324,966,321.83,178.90,831.54,24338.01,23506.46,0.00001,0,9762,9763,
977,1326,1458,1399,1387,976,180.48,182.09,1226.10,25564.12,24338.02,0.00555,0,9772,9773,
978,1297,1518,1325,1459,977,55.63,187.59,743.55,26307.69,25564.14,0.00498,9781,9782,9783,
979,1372,1557,1327,1459,977,69.15,192.90,1300.95,26865.10,25564.14,0.00954,9791,9792,9793,
980,1404,1455,1400,1387,976,101.85,182.69,856.69,25194.71,24338.02,0.01331,0,9802,9803,
981,1417,1523,1405,1456,980,35.62,193.31,829.41,26024.13,25194.72,0.00808,9811,9812,9813,
982,1439,1467,1405,1455,980,22.77,190.89,419.71,25614.42,25194.71,0.00691,9821,9822,9823,
983,1467,1432,1449,1327,965,53.16,185.22,1339.12,24569.01,23229.90,0.01061,9831,9832,9833,
984,1495,1320,1539,1305,962,28.46,172.35,844.26,22450.76,21606.49,0.01907,9841,9842,9843,
985,1517,1371,1541,1310,961,46.31,175.25,867.40,22425.61,21558.21,0.01926,9851,9852,9853,
986,1569,1375,1607,1348,848,65.69,170.47,552.84,21293.63,20740.79,0.01086,0,9862,9863,
987,1520,1413,1568,1375,986,25.54,184.10,760.12,22053.77,21293.64,0.02053,9871,9872,9873,
988,1521,1443,1569,1376,986,32.54,185.82,982.25,22275.90,21293.65,0.01772,9881,9882,9883,
989,1602,1436,1614,1348,847,83.28,174.08,1119.12,21791.63,20672.51,0.01216,0,9892,9893,
990,1549,1459,1601,1437,989,33.52,186.26,647.70,22439.34,21791.64,0.01297,9901,9902,9903,
991,1593,1463,1603,1437,989,12.85,185.21,321.42,22113.06,21791.63,0.02053,9911,9912,9913,
992,1848,1404,1869,1408,832,824.00,165.68,246.57,16387.55,16140.98,0.00365,0,9922,9923,
993,1809,1384,1847,1403,992,51.57,166.57,481.13,16868.68,16387.55,0.00084,0,9932,9933,
994,1797,1369,1808,1383,993,18.57,167.00,265.56,17134.25,16868.68,0.00114,9941,9942,9943,
995,1791,1413,1808,1384,993,16.10,166.90,370.42,17239.10,16868.69,0.00001,9951,9952,9953,
996,1834,1418,1847,1405,992,770.65,166.50,197.99,16585.54,16387.55,0.00001,0,9962,9963,
997,1824,1429,1833,1419,996,736.18,166.50,151.42,16736.96,16585.54,0.00001,0,9972,9973,
998,1804,1417,1823,1429,997,12.01,166.71,257.99,16994.96,16736.96,0.00194,9981,9982,9983,
999,1733,1465,1823,1430,997,722.22,166.50,1493.09,18230.08,16736.99,0.00001,0,9992,9993,
1000,1737,1411,1733,1464,999,662.60,166.50,597.99,18828.08,18230.09,0.00001,0,10002,10003,
1001,1738,1405,1737,1410,1000,78.37,166.50,64.14,18892.22,18828.08,0.00001,0,10012,10013,
1002,1759,1361,1739,1405,1001,15.66,166.50,583.55,19475.78,18892.23,0.00001,10021,10022,10023,
1003,1741,1397,1738,1404,1001,62.53,166.50,92.43,18984.65,18892.23,0.00001,0,10032,10033,
1004,1739,1355,1742,1396,1003,21.70,166.62,556.99,19541.64,18984.66,0.00108,10041,10042,10043,
1005,1681,1394,1741,1396,1003,37.19,167.33,1101.54,20086.21,18984.67,0.00109,10051,10052,10053,
1006,1693,1447,1736,1410,1000,562.25,168.63,1139.83,19967.93,18828.10,0.00430,0,10062,10063,
1007,1634,1454,1692,1448,1006,68.12,175.47,910.12,20878.06,19967.94,0.00704,10071,10072,10073,
1008,1666,1516,1693,1448,1006,469.62,173.91,1147.11,21115.05,19967.94,0.00384,0,10082,10083,
1009,1639,1517,1665,1517,1008,302.16,177.20,357.99,21473.04,21115.05,0.00643,0,10092,10093,
1010,1537,1520,1638,1517,1009,226.38,180.95,1115.27,22588.33,21473.06,0.00458,0,10102,10103,
1011,1480,1504,1536,1520,1010,35.21,188.85,770.83,23359.18,22588.35,0.01389,10111,10112,10113,
1012,1513,1545,1536,1521,1010,137.31,184.60,402.13,22990.47,22588.34,0.00747,0,10122,10123,
1013,1435,1597,1512,1546,1012,58.66,186.21,1030.54,24021.02,22990.48,0.00020,10131,10132,10133,
1014,1489,1644,1513,1546,1012,54.09,193.15,1239.12,24229.60,22990.48,0.01195,10141,10142,10143,
1015,1587,1601,1639,1518,1009,65.45,186.13,1181.25,22654.31,21473.06,0.01253,10151,10152,10153,
1016,1664,1566,1667,1517,1008,149.75,179.59,633.55,21748.61,21115.06,0.00900,0,10162,10163,
1017,1651,1585,1663,1567,1016,15.74,185.76,255.56,22004.18,21748.62,0.02387,10171,10172,10173,
1018,1639,1623,1665,1567,1016,119.96,184.30,790.12,22538.75,21748.62,0.00684,0,10182,10183,
1019,1578,1726,1638,1623,1018,67.34,196.86,1755.81,24294.57,22538.77,0.00974,10191,10192,10193,
1020,1614,1652,1639,1624,1018,26.98,189.79,460.42,22999.17,22538.76,0.01238,10201,10202,10203,
1021,1714,1469,1732,1464,999,13.53,168.51,287.99,18518.08,18230.09,0.01909,10211,10212,10213,
1022,1802,1484,1834,1419,996,30.17,166.53,804.26,17389.82,16585.55,0.00038,10221,10222,10223,
1023,1917,1641,1964,1592,825,911.42,165.50,728.11,14390.12,13662.01,0.00001,0,10232,10233,
1024,1906,1651,1916,1642,1023,839.70,165.50,157.28,14547.40,14390.12,0.00001,0,10242,10243,
1025,1870,1597,1905,1651,1024,533.05,165.68,806.69,15354.10,14547.41,0.00087,0,10252,10253,
1026,1894,1571,1870,1596,1025,18.84,166.20,382.84,15736.95,15354.10,0.00001,10261,10262,10263,
1027,1852,1582,1869,1596,1025,492.90,166.20,242.13,15596.24,15354.10,0.00001,0,10272,10273,
1028,1833,1565,1851,1582,1027,159.90,166.38,289.71,15885.94,15596.24,0.00139,0,10282,10283,
1029,1842,1523,1832,1564,1028,30.32,166.62,523.55,16409.50,15885.95,0.00020,10291,10292,10293,
1030,1784,1555,1832,1565,1028,128.07,166.80,598.70,16484.65,15885.95,0.00084,0,10302,10303,
1031,1718,1526,1783,1554,1030,34.33,167.62,1060.12,17544.79,16484.67,0.00406,10311,10312,10313,
1032,1698,1602,1783,1555,1030,61.45,173.36,1719.95,18204.64,16484.69,0.01128,10321,10322,10323,
1033,1735,1623,1851,1583,1027,320.21,169.54,1562.67,17158.93,15596.26,0.00480,0,10332,10333,
1034,1691,1652,1734,1624,1033,185.03,176.52,757.70,17916.64,17158.94,0.00832,0,10342,10343,
1035,1668,1645,1690,1653,1034,13.45,184.03,281.42,18198.07,17916.65,0.02772,10351,10352,10353,
1036,1677,1681,1691,1653,1034,150.32,182.98,405.56,18322.21,17916.65,0.01332,0,10362,10363,
1037,1618,1691,1676,1682,1036,33.91,190.91,802.55,19124.78,18322.23,0.01321,10371,10372,10373,
1038,1671,1703,1677,1682,1036,103.17,185.40,244.85,18567.07,18322.22,0.00001,0,10382,10383,
1039,1634,1750,1670,1703,1038,43.66,190.73,652.55,19219.63,18567.08,0.01456,10391,10392,10393,
1040,1665,1767,1671,1704,1038,51.27,191.41,804.26,19371.34,18567.08,0.01443,10401,10402,10403,
1041,1733,1765,1736,1624,1033,92.08,183.63,1686.10,18845.07,17158.96,0.01216,10411,10412,10413,
1042,1900,1652,1905,1652,1024,302.64,165.50,64.14,14611.54,14547.40,0.00001,0,0,10423,
1043,1851,1633,1899,1652,1042,208.45,165.66,653.55,15265.11,14611.55,0.00062,0,10432,10433,
1044,1841,1632,1850,1633,1043,52.57,165.99,104.14,15369.25,15265.11,0.00097,0,10442,10443,
1045,1818,1616,1840,1631,1044,15.16,166.62,307.99,15677.24,15369.25,0.00487,10451,10452,10453,
1046,1772,1667,1840,1632,1044,36.65,174.02,943.26,16312.52,15369.26,0.02004,10461,10462,10463,
1047,1832,1721,1850,1634,1043,130.82,171.41,1225.39,16490.51,15265.12,0.00898,0,10472,10473,
1048,1751,1777,1831,1721,1047,44.94,187.37,1388.82,17879.36,16490.54,0.01376,10481,10482,10483,
1049,1822,1735,1831,1722,1047,50.39,178.24,181.42,16671.94,16490.51,0.01048,0,10492,10493,
1050,1802,1766,1821,1735,1049,24.71,184.31,436.27,17108.21,16671.94,0.02361,10501,10502,10503,
1051,1824,1764,1823,1736,1049,22.45,182.60,323.14,16995.08,16671.94,0.01919,10511,10512,10513,
1052,1903,1715,1899,1653,1042,88.15,171.85,969.12,15580.67,14611.55,0.01032,0,10522,10523,
1053,1883,1732,1903,1716,1052,28.57,175.78,307.99,15888.66,15580.67,0.00260,10531,10532,10533,
1054,1921,1746,1904,1716,1052,16.62,175.57,416.27,15996.95,15580.67,0.00025,10541,10542,10543,
1055,1932,1660,1918,1642,1023,18.50,169.82,283.85,14673.97,14390.12,0.03276,10551,10552,10553,
1056,2002,1624,2051,1663,814,77.23,165.75,861.13,12505.58,11644.45,0.00105,0,10562,10563,
1057,1960,1659,2001,1624,1056,26.48,169.51,816.69,13322.29,12505.59,0.01054,10571,10572,10573,
1058,1981,1686,2001,1625,1056,28.42,169.82,777.70,13283.29,12505.59,0.01093,10581,10582,10583,
1059,1976,1744,2030,1744,813,31.95,171.05,682.84,11378.87,10696.02,0.01319,10591,10592,10593,
1060,1855,1882,1793,1900,10,31.47,164.42,729.41,7407.48,6678.07,0.00042,10601,10602,10603,
1061,1757,1834,1697,1864,9,233.93,164.22,866.69,6352.51,5485.82,0.00047,0,10612,10613,
1062,1848,1827,1758,1834,1061,180.70,164.62,1052.55,7405.05,6352.51,0.00039,0,10622,10623,
1063,1824,1865,1847,1828,1062,31.01,164.74,806.69,8211.75,7405.05,0.00026,10631,10632,10633,
1064,1849,1829,1848,1828,1062,118.75,164.70,24.14,7429.20,7405.06,0.00001,0,10642,10643,
1065,1864,1844,1850,1830,1064,11.99,164.95,255.56,7684.76,7429.20,0.00157,10651,10652,10653,
1066,1896,1828,1850,1829,1064,106.66,164.70,507.28,7936.48,7429.20,0.00001,0,10662,10663,
1067,1937,1867,1897,1828,1066,26.05,164.99,725.27,8661.76,7936.49,0.00097,10671,10672,10673,
1068,1937,1815,1897,1827,1066,69.92,164.86,472.13,8408.61,7936.48,0.00149,0,10682,10683,
1069,1991,1796,1938,1815,1068,21.92,165.52,655.27,9063.90,8408.63,0.00047,10691,10692,10693,
1070,1911,1776,1937,1814,1068,30.97,170.75,1217.11,9625.75,8408.64,0.00904,10701,10702,10703,
1071,1739,1811,1758,1833,1061,14.84,188.60,367.99,6720.50,6352.51,0.09865,10711,10712,10713,
1072,1483,1905,1484,1953,4,131.18,163.06,560.42,2800.19,2239.77,0.00019,0,10722,10723,
1073,1509,1889,1484,1905,1072,15.20,163.20,332.13,3132.32,2800.19,0.00031,10731,10732,10733,
1074,1603,1827,1483,1904,1072,97.89,163.84,2671.61,5471.80,2800.19,0.00057,10741,10742,10743,
